-- phpMyAdmin SQL Dump
-- version 4.9.5
-- https://www.phpmyadmin.net/
--
-- Hôte : localhost:3306
-- Généré le : ven. 07 mai 2021 à 11:45
-- Version du serveur :  10.3.28-MariaDB-cll-lve
-- Version de PHP : 7.3.27

SET SQL_MODE = "NO_AUTO_VALUE_ON_ZERO";
SET AUTOCOMMIT = 0;
START TRANSACTION;
SET time_zone = "+00:00";


/*!40101 SET @OLD_CHARACTER_SET_CLIENT=@@CHARACTER_SET_CLIENT */;
/*!40101 SET @OLD_CHARACTER_SET_RESULTS=@@CHARACTER_SET_RESULTS */;
/*!40101 SET @OLD_COLLATION_CONNECTION=@@COLLATION_CONNECTION */;
/*!40101 SET NAMES utf8mb4 */;

--
-- Base de données : `xutmwoiu_obscury`
--

-- --------------------------------------------------------

--
-- Structure de la table `account`
--

CREATE TABLE `account` (
  `id` int(11) NOT NULL,
  `user_id` int(11) NOT NULL,
  `profile` varchar(255) COLLATE utf8mb4_unicode_ci DEFAULT NULL,
  `updated_at` datetime NOT NULL
) ENGINE=InnoDB DEFAULT CHARSET=utf8mb4 COLLATE=utf8mb4_unicode_ci;

--
-- Déchargement des données de la table `account`
--

INSERT INTO `account` (`id`, `user_id`, `profile`, `updated_at`) VALUES
(26, 100, 'fb-img-1601943030373-6084939cb90e4903209318.jpg', '2021-04-24 21:54:36'),
(27, 101, NULL, '2020-03-09 17:56:48'),
(28, 102, NULL, '2020-03-21 15:39:19'),
(29, 103, NULL, '2020-06-02 00:37:00'),
(30, 104, NULL, '2020-06-02 00:54:47'),
(31, 105, NULL, '2020-06-02 08:02:21'),
(32, 106, NULL, '2020-06-02 13:47:48'),
(33, 107, NULL, '2020-06-02 15:52:49'),
(34, 108, 'picsart-1595615993388-5f241b1e7ec5b416986225.jpg', '2020-07-31 13:22:38'),
(35, 109, NULL, '2020-06-03 01:37:35'),
(36, 110, NULL, '2020-06-03 18:40:25'),
(37, 111, 'status-me-status-img-20200531-wa0579-5edcec246a77f577218412.jpg', '2020-06-07 13:31:16'),
(38, 112, 'img-20200603-wa0051-5ede2f50b9e3b060882575.jpg', '2020-06-08 12:30:08'),
(39, 113, 'img-20200607-wa0021-5eded17cb5dcf139651112.jpg', '2020-06-09 00:02:04'),
(40, 114, NULL, '2020-06-05 07:51:09'),
(41, 115, NULL, '2020-06-05 07:53:56'),
(42, 116, NULL, '2020-06-05 20:03:19'),
(44, 118, NULL, '2020-06-07 00:38:34'),
(51, 125, NULL, '2020-06-07 09:22:46'),
(52, 126, NULL, '2020-06-07 12:46:21'),
(53, 127, NULL, '2020-06-07 13:02:51'),
(54, 128, NULL, '2020-06-07 15:08:51'),
(55, 129, 'snapchat-994700281-5edd4148196d4557316318.jpg', '2020-06-07 19:34:32'),
(56, 130, NULL, '2020-06-07 19:56:46'),
(57, 131, NULL, '2020-06-07 20:06:06'),
(58, 132, NULL, '2020-06-07 22:36:53'),
(59, 133, NULL, '2020-06-08 14:33:06'),
(60, 134, NULL, '2020-06-08 17:54:17'),
(64, 138, NULL, '2020-06-09 09:14:06'),
(66, 140, NULL, '2020-06-09 09:45:43'),
(67, 141, NULL, '2020-06-09 19:26:41'),
(68, 142, NULL, '2020-06-10 16:11:29'),
(70, 144, NULL, '2020-06-13 23:39:16'),
(72, 146, NULL, '2020-06-20 12:11:57'),
(73, 147, NULL, '2020-06-27 21:17:38'),
(74, 148, NULL, '2020-06-29 14:13:33'),
(78, 152, NULL, '2020-07-02 22:06:49'),
(81, 155, '20200705-120106-5f0265dca4bf5294796278.jpg', '2020-07-05 23:44:28'),
(82, 156, NULL, '2020-07-06 22:33:14'),
(87, 161, NULL, '2020-07-10 22:53:14'),
(90, 164, NULL, '2020-08-07 19:13:40'),
(91, 165, NULL, '2020-08-07 19:27:49'),
(92, 166, NULL, '2020-08-07 20:00:31'),
(93, 167, 'a75fb9b1-be1e-423b-9bcf-2a1af0294154-5f2f1841b3012312754844.jpeg', '2020-08-08 21:25:21'),
(96, 170, '63eadd40-d852-44d5-bf30-c96f14a16862-5f3024ad248fa838694589.jpeg', '2020-08-09 16:30:37'),
(98, 172, NULL, '2020-09-08 09:22:45'),
(103, 177, NULL, '2020-09-08 19:49:55'),
(104, 178, NULL, '2020-11-19 13:53:56'),
(105, 179, NULL, '2020-11-21 00:12:04'),
(106, 180, NULL, '2020-12-10 20:10:31'),
(107, 181, NULL, '2021-01-29 23:12:04'),
(108, 182, NULL, '2021-03-19 15:10:30');

-- --------------------------------------------------------

--
-- Structure de la table `album`
--

CREATE TABLE `album` (
  `id` int(11) NOT NULL,
  `title` varchar(255) COLLATE utf8mb4_unicode_ci NOT NULL,
  `image` varchar(255) COLLATE utf8mb4_unicode_ci NOT NULL,
  `created_at` datetime NOT NULL,
  `updated_at` datetime NOT NULL,
  `user_id` int(11) DEFAULT NULL
) ENGINE=InnoDB DEFAULT CHARSET=utf8mb4 COLLATE=utf8mb4_unicode_ci;

--
-- Déchargement des données de la table `album`
--

INSERT INTO `album` (`id`, `title`, `image`, `created_at`, `updated_at`, `user_id`) VALUES
(9, 'Tripl3 K', '01-5ed6086484ad8998419010.PNG', '2020-06-02 08:05:55', '2020-06-02 08:05:56', 105),
(10, 'Incomprise', 'img-20200603-wa0004-5ed7f385b26a0875019371.jpg', '2020-06-03 19:01:25', '2020-06-03 19:01:25', 106),
(11, 'KEROZEN', 'img-20200807-wa0002-5f2ed8970ebd9133522605.jpg', '2020-08-08 16:53:42', '2020-08-08 16:53:43', 167);

-- --------------------------------------------------------

--
-- Structure de la table `category`
--

CREATE TABLE `category` (
  `id` int(11) NOT NULL,
  `title` varchar(255) COLLATE utf8mb4_unicode_ci NOT NULL
) ENGINE=InnoDB DEFAULT CHARSET=utf8mb4 COLLATE=utf8mb4_unicode_ci;

--
-- Déchargement des données de la table `category`
--

INSERT INTO `category` (`id`, `title`) VALUES
(65, 'Afro Trap'),
(66, 'Rnb'),
(67, 'Rap'),
(68, 'Afro Rap'),
(70, 'Zouk'),
(71, 'Sumu'),
(72, 'Rumba');

-- --------------------------------------------------------

--
-- Structure de la table `comment`
--

CREATE TABLE `comment` (
  `id` int(11) NOT NULL,
  `musique_id` int(11) NOT NULL,
  `content` longtext COLLATE utf8mb4_unicode_ci NOT NULL,
  `created_at` datetime NOT NULL,
  `user_id` int(11) DEFAULT NULL
) ENGINE=InnoDB DEFAULT CHARSET=utf8mb4 COLLATE=utf8mb4_unicode_ci;

-- --------------------------------------------------------

--
-- Structure de la table `migration_versions`
--

CREATE TABLE `migration_versions` (
  `version` varchar(14) COLLATE utf8mb4_unicode_ci NOT NULL,
  `executed_at` datetime NOT NULL COMMENT '(DC2Type:datetime_immutable)'
) ENGINE=InnoDB DEFAULT CHARSET=utf8mb4 COLLATE=utf8mb4_unicode_ci;

--
-- Déchargement des données de la table `migration_versions`
--

INSERT INTO `migration_versions` (`version`, `executed_at`) VALUES
('20191005110126', '2019-10-05 11:05:00'),
('20191005112223', '2019-10-05 11:22:39'),
('20191006082243', '2019-10-06 08:24:55'),
('20191006083132', '2019-10-06 08:32:11'),
('20191007105325', '2019-10-07 10:53:55'),
('20191007155950', '2019-10-07 16:00:31'),
('20191007191719', '2019-10-07 19:18:26'),
('20191008154831', '2019-10-08 15:49:05'),
('20191008160726', '2019-10-08 16:07:39'),
('20191008172607', '2019-10-08 17:26:59'),
('20191008173026', '2019-10-08 17:30:37'),
('20191008173852', '2019-10-08 17:39:01'),
('20191011094648', '2019-10-11 09:47:31'),
('20191014182901', '2019-10-14 18:29:28'),
('20191017102823', '2019-10-17 10:29:44'),
('20191020181006', '2019-10-20 18:11:01'),
('20191022220526', '2019-10-22 22:06:04'),
('20191023184103', '2019-10-23 18:41:41'),
('20191024150033', '2019-10-24 15:01:05'),
('20191025220115', '2019-10-25 22:05:14'),
('20191025220635', '2019-10-25 22:06:42'),
('20191025225711', '2019-10-25 22:57:24'),
('20191026095905', '2019-10-26 09:59:58'),
('20191026103953', '2019-10-26 10:47:51'),
('20191026105520', '2019-10-26 10:57:44'),
('20191028170242', '2019-10-28 17:10:29'),
('20191107222005', '2019-11-07 22:21:46'),
('20191110173818', '2019-11-10 17:39:07'),
('20191120123534', '2019-11-20 12:43:35'),
('20191121101557', '2019-11-21 10:16:57'),
('20191129131446', '2019-11-29 13:16:28'),
('20200122113914', '2020-01-22 11:45:23'),
('20200313150551', '2020-03-13 15:06:57'),
('20200317100330', '2020-03-17 10:06:19'),
('20200317104152', '2020-03-17 10:42:28'),
('20200531192029', '2020-05-31 19:22:05'),
('20200605211216', '2020-06-05 21:13:57'),
('20200605212237', '2020-06-05 21:22:47');

-- --------------------------------------------------------

--
-- Structure de la table `musique`
--

CREATE TABLE `musique` (
  `id` int(11) NOT NULL,
  `title` varchar(255) COLLATE utf8mb4_unicode_ci NOT NULL,
  `featuring` varchar(255) COLLATE utf8mb4_unicode_ci DEFAULT NULL,
  `image` varchar(255) COLLATE utf8mb4_unicode_ci NOT NULL,
  `created_at` datetime NOT NULL,
  `music` varchar(255) COLLATE utf8mb4_unicode_ci NOT NULL,
  `category_id` int(11) NOT NULL,
  `user_id` int(11) DEFAULT NULL,
  `updated_at` datetime NOT NULL,
  `album_id` int(11) DEFAULT NULL
) ENGINE=InnoDB DEFAULT CHARSET=utf8mb4 COLLATE=utf8mb4_unicode_ci;

--
-- Déchargement des données de la table `musique`
--

INSERT INTO `musique` (`id`, `title`, `featuring`, `image`, `created_at`, `music`, `category_id`, `user_id`, `updated_at`, `album_id`) VALUES
(453, 'Merci', NULL, 'img-20200313-wa0002-5e763e36de652599649244.jpg', '2020-03-21 16:16:26', 'snop-b-thanks-merci-5e763e36e17b8550583882.mp3', 67, 102, '2020-03-21 16:17:58', NULL),
(457, 'INTRO', NULL, '01-5ed609881c336382951183.PNG', '2020-06-02 08:10:47', 'kesh-intro1-5ed60988324a2516606684.mp3', 67, 105, '2020-06-02 08:10:48', 9),
(458, 'J\'Vais Tout Déballer', NULL, '01-5ed60a04b7576803643961.PNG', '2020-06-02 08:12:52', 'kesh-khalifa-jvais-tout-deballer-final-5ed60a04bdf75212379534.mp3', 67, 105, '2020-06-02 08:12:52', 9),
(459, 'Maman', 'M666 SQUAD', '01-5ed60a8741768153310822.PNG', '2020-06-02 08:15:03', 'kesh-khalifa-feat-m666-squad-maman-remix-by-yazb-fml-prod-5ed60a879b504738675004.mp3', 67, 105, '2020-06-02 08:15:03', 9),
(460, 'Give Me More Weed (GMMW)', NULL, '01-5ed60b3c689f5718027513.PNG', '2020-06-02 08:18:03', 'kesh-khalifa-give-me-more-weed-gmmw-by-yaz-b-fml-5ed60b3c796d7204889655.mp3', 67, 105, '2020-06-02 08:18:04', 9),
(461, 'Ma Lutte', NULL, '01-5ed60c3281733279761065.PNG', '2020-06-02 08:22:10', 'kesh-khalifa-ma-lutte-5ed60c328a2f9664654236.mp3', 67, 105, '2020-06-02 08:22:10', 9),
(462, 'Pani Bô', NULL, '01-5ed60c97c49ec796629253.PNG', '2020-06-02 08:23:51', 'kesh-khalifa-pa-ni-bo-by-yazby-fml-music2-5ed60c97ce3d9150836192.mp3', 67, 105, '2020-06-02 08:23:51', 9),
(463, 'Sêkêrê', NULL, '01-5ed60ceac0ade313215402.PNG', '2020-06-02 08:25:14', 'kesh-khalifa-saikairai-5ed60ceac5eba731041018.mp3', 67, 105, '2020-06-02 08:25:14', 9),
(464, 'Tripl3 K', NULL, '01-5ed60d42c8c92124399850.PNG', '2020-06-02 08:26:42', 'kesh-khalifa-tripl3-k-5ed60d42d0044092287748.mp3', 67, 105, '2020-06-02 08:26:42', 9),
(465, 'Paw Ka Guirin', NULL, 'lkcg1887-5ed60d972f8c4226860824.JPG', '2020-06-02 08:28:07', 'kesh-khalifa-pkg-5ed60d9735463332862301.mp3', 67, 105, '2020-06-02 08:28:07', NULL),
(466, 'Anw Ban Nka Dona', NULL, 'img-20200602-wa0063-5ed678761744c737641737.jpg', '2020-06-02 16:04:05', 'anw-ban-nka-dona-vg-tanamon-5ed678761ed30070249157.mp3', 67, 107, '2020-06-02 16:04:06', NULL),
(467, 'Gang Gang', NULL, 'img-20200602-wa0064-5ed678c862d71996793377.jpg', '2020-06-02 16:05:28', 'gang-gang-vg-tanamon-5ed678c866839430529905.mp3', 67, 107, '2020-06-02 16:05:28', NULL),
(468, 'Horon Mousso', NULL, 'img-20200602-wa0065-5ed6792f3472c091842565.jpg', '2020-06-02 16:07:11', 'vg-tanamon-horon-mousso-5ed6792f3754c607073912.m4a', 67, 107, '2020-06-02 16:07:11', NULL),
(469, 'Injection', NULL, 'img-20200602-wa0066-5ed679674f77c138045237.jpg', '2020-06-02 16:08:07', 'injection-vg-tanamon-5ed67967526de836627959.mp3', 67, 107, '2020-06-02 16:08:07', NULL),
(470, 'Twenty Twenty', NULL, 'img-20200531-wa0176-5ed67a4b00773270198578.jpg', '2020-06-02 16:11:54', 'vg-tanamon-twenty-twenty-2020-5ed67a4b038ec486169521.m4a', 67, 107, '2020-06-02 16:11:55', NULL),
(471, 'An Ba Dja', NULL, 'img-20200602-wa0068-5ed680bdcc9b6381576444.jpg', '2020-06-02 16:39:25', 'an-ba-dja-dioti-adamixe-djo-pat-5ed680bdd7213393887301.mp3', 67, 104, '2020-06-02 16:39:25', NULL),
(472, 'Marijuana', NULL, 'img-20200602-wa0067-5ed681198bcce463216122.jpg', '2020-06-02 16:40:57', 'marijuana-dioti-adamixe-djo-pat-5ed68119df508885631547.mp3', 67, 104, '2020-06-02 16:40:57', NULL),
(474, 'Incomparable', NULL, 'img-20200602-wa0089-5ed6fd7fc47ca380763761.jpg', '2020-06-03 01:31:43', 'aud-20200602-wa0087-5ed6fd7fec3e7093905678.mp3', 67, 108, '2020-06-03 01:31:43', NULL),
(475, 'Bko', NULL, 'img-20200602-wa0090-5ed7f23dbe866250012614.jpg', '2020-06-03 18:55:55', 'aud-20200602-wa0088-5ed7f23dd4c85679340074.mp3', 67, 108, '2020-06-03 18:55:57', NULL),
(476, 'Diamond Girl', NULL, 'img-20200603-wa0004-5ed7f3e4a0c41200629590.jpg', '2020-06-03 19:03:00', 'diamond-girl-5ed7f3e4a5ad4249131779.mp3', 70, 106, '2020-06-03 19:03:00', 10),
(477, 'Désoler', NULL, 'img-20200603-wa0004-5ed7f4201e0cf310232251.jpg', '2020-06-03 19:04:00', 'desoler-5ed7f42110884979604605.mp3', 70, 106, '2020-06-03 19:04:00', 10),
(478, 'Come back', NULL, 'img-20200603-wa0004-5ed7f451e7869821908049.jpg', '2020-06-03 19:04:49', 'come-back-5ed7f451ee848754090482.mp3', 70, 106, '2020-06-03 19:04:49', 10),
(479, 'Akouna matata', NULL, 'img-20200603-wa0004-5ed7f493388d5621920251.jpg', '2020-06-03 19:05:55', 'akouna-matata-5ed7f4933d401859645080.mp3', 70, 106, '2020-06-03 19:05:55', 10),
(480, 'Maman', NULL, 'img-20200603-wa0004-5ed7f50c511ca172085949.jpg', '2020-06-03 19:07:56', 'maman-5ed7f50c54eb9805345633.mp3', 70, 106, '2020-06-03 19:07:56', 10),
(481, 'Chou Daw Kan', NULL, 'img-20200603-wa0007-5ed7f8b60ef8c076904691.jpg', '2020-06-03 19:23:33', 'fine-flow-ft-lp-gang-chou-daw-kan-5ed7f8b629a23557701441.mp3', 67, 111, '2020-06-03 19:23:34', NULL),
(482, 'Malien VIP', NULL, 'img-20200603-wa0006-5ed7f98262bbe480593129.jpg', '2020-06-03 19:26:58', 'aud-20200602-wa0071-5ed7f98272cdb406546439.mp3', 67, 110, '2020-06-03 19:26:58', NULL),
(483, 'Bobaraba', NULL, 'img-20200603-wa0002-5ed7fa40ad0ec457349358.jpg', '2020-06-03 19:30:08', 'yaspi-bobaraba-pa-5ed7fa40b0e9a449563490.mp3', 67, 109, '2020-06-03 19:30:08', NULL),
(484, 'N\'bé Kata Done Done', NULL, 'img-20200603-wa0003-5ed7fb6576767164205881.jpg', '2020-06-03 19:35:01', 'yaspi-nbe-ka-taka-done-done-prod-by-hams-prod-music-5ed7fb6579728100594065.mp3', 67, 109, '2020-06-03 19:35:01', NULL),
(485, 'Finesse', NULL, 'img-20200603-wa0008-5ed7fc513c5e1511164422.jpg', '2020-06-03 19:38:57', 'finesse-free-boys-5ed7fc513f9d6283160459.mp3', 67, 112, '2020-06-03 19:38:57', NULL),
(486, 'Poussy Neggue', NULL, 'img-20200603-wa0005-5ed9fc1ed4359349270187.jpg', '2020-06-05 08:02:37', 'aud-20200602-wa0001-5ed9fc1f2968b225650889.mp3', 67, 114, '2020-06-05 08:02:39', NULL),
(487, 'Lionne', NULL, 'img-20200601-wa0022-5edc242bd3a26380731253.jpg', '2020-06-06 23:18:03', 'innocent-lionne-5edc242bd448b914149732.mp3', 70, 106, '2020-06-06 23:18:03', NULL),
(488, 'Dougou Wili', NULL, 'img-20200607-wa0036-5edd470b712eb410833782.jpg', '2020-06-07 19:59:07', 'aud-20200607-wa0043-5edd470b71a4f868947079.mp3', 67, 130, '2020-06-07 19:59:07', NULL),
(489, 'Watching Out', NULL, 'img-20200607-wa0030-5edd47a848a7d070332154.jpg', '2020-06-07 20:01:44', 'aud-20200605-wa0014-5edd47a849609254677454.mp3', 67, 116, '2020-06-07 20:01:44', NULL),
(490, 'Kotigai', NULL, 'img-20200607-wa0035-5edd47f86270e579972177.jpg', '2020-06-07 20:03:04', 'aud-20200607-wa0044-5edd47f862bde239857094.mp3', 67, 113, '2020-06-07 20:03:04', NULL),
(491, 'Dambé', NULL, 'img-20200607-wa0037-5edd48f11e9ce374839543.jpg', '2020-06-07 20:07:13', 'aud-20200607-wa0041-5edd48f11f5be147313104.mp3', 67, 131, '2020-06-07 20:07:13', NULL),
(492, 'Princesse', NULL, 'img-20200607-wa0032-5edd4932e2c59905389481.jpg', '2020-06-07 20:08:18', 'aud-20200605-wa0016-5edd4932e31f2202585754.mp3', 67, 116, '2020-06-07 20:08:18', NULL),
(493, 'Wari Wari', NULL, 'img-20200607-wa0040-5edd497ea9534306337323.jpg', '2020-06-07 20:09:34', 'aud-20200607-wa0042-5edd497eaa37e726335458.mp3', 67, 111, '2020-06-07 20:09:34', NULL),
(494, 'Djater', NULL, 'img-20200607-wa0038-5edd4a04c75df247629762.jpg', '2020-06-07 20:11:48', 'aud-20200607-wa0045-5edd4a04c7bd1337360820.mp3', 67, 113, '2020-06-07 20:11:48', NULL),
(495, 'Loup-Solitaire', NULL, 'img-20200607-wa0033-5edd4a527cf2c765080824.jpg', '2020-06-07 20:13:06', 'aud-20200605-wa0015-5edd4a527d7ad177141726.mp3', 67, 116, '2020-06-07 20:13:06', NULL),
(496, 'Stop Fire', NULL, 'img-20200601-wa0001-5ede661773d0d614669406.jpg', '2020-06-08 16:23:51', 'kbb-bling-stop-fire-prod-by-n-5ede661774489396198311.mp3', 67, 103, '2020-06-08 16:23:51', NULL),
(497, 'Le Couteau', NULL, 'img-20200607-wa0034-5ee0c23175b9c901051080.jpg', '2020-06-10 11:21:21', 'pkg-az-boy-le-couteau-5ee0c231764b3820527231.mp3', 67, 133, '2020-06-10 11:21:21', NULL),
(498, 'Validé', NULL, 'img-20200607-wa0031-5ee4fda5ded5d649375813.jpg', '2020-06-13 16:24:05', 'innocent-valide-5ee4fda5e2233413887395.mp3', 66, 106, '2020-06-13 16:24:05', NULL),
(499, 'Mooving', NULL, 'img-20200601-wa0003-5efef7f776027895387030.jpg', '2020-07-03 09:18:44', 'kbb-bling-mooving-prod-by-nass-sortie-stere-1-5efef7f777575198691050.mp3', 67, 103, '2020-07-03 09:18:47', NULL),
(502, 'CHARGÉ', 'TOG', 'img-20200705-wa0001-5f027271e1b34942276999.jpg', '2020-07-06 00:38:09', 'marlboro-gang-charge-5f027271e4dfd179227415.mp3', 67, 155, '2020-07-06 00:38:09', NULL),
(503, 'Rio de revoluta', NULL, 'img-20200710-wa0000-5f08f56ed9c05501539222.jpg', '2020-07-10 23:10:38', 'jack-rio-de-revoluta-5f08f56edb10c157670024.', 67, 161, '2020-07-10 23:10:38', NULL),
(505, 'TIGNÈ FÔ', NULL, 'img-20200726-wa0000-5f2471967921e994644294.jpg', '2020-07-31 19:31:34', 'coul-b-tigne-fo-5f2471980f50a346264449.', 67, 108, '2020-07-31 19:31:36', NULL),
(506, 'Révolution kerozen', NULL, 'img-20200807-wa0002-5f2ed9651d8bc720546543.jpg', '2020-08-08 16:57:09', 'revolution-5f2ed96538b59629514232.', 67, 167, '2020-08-08 16:57:09', 11),
(507, 'Mamiwata', NULL, 'img-20200807-wa0002-5f2ed9de957cf469570854.jpg', '2020-08-08 16:59:10', 'mamiwata-5f2ed9de965bf337925449.', 67, 167, '2020-08-08 16:59:10', 11),
(508, 'Anw te oyé', 'Boula Wesh', 'img-20200807-wa0002-5f2eda6a781b7945432725.jpg', '2020-08-08 17:01:30', 'anw-te-oye-5f2eda6a7b4b6908225639.', 67, 167, '2020-08-08 17:01:30', 11),
(509, 'An té soro', NULL, 'img-20200807-wa0002-5f2edae4d7f0f990556114.jpg', '2020-08-08 17:03:32', 'an-te-soro-5f2edae4d8593539916764.mp3', 67, 167, '2020-08-08 17:03:32', 11),
(510, 'Découverte talent', NULL, 'img-20200809-wa0000-5f30259f79dc5342756610.jpg', '2020-08-09 16:34:39', 'decouverte-talent-5f30259f896eb913440995.mp3', 67, 170, '2020-08-09 16:34:39', NULL),
(511, 'Ou Ka Baba', NULL, 'img-20200809-wa0001-5f3025d996588645817618.jpg', '2020-08-09 16:35:37', 'ou-ka-baba-5f3025d996d55024149932.mp3', 67, 170, '2020-08-09 16:35:37', NULL),
(512, 'My Sachet', NULL, 'img-20200908-wa0000-5f5aa31ccdc3b443390849.jpg', '2020-09-10 22:05:16', 'my-sachet-5f5aa31ccedb7608988422.mp3', 67, 172, '2020-09-10 22:05:16', NULL),
(513, 'Next Level', NULL, 'img-20200921-wa0008-5f68ad8ab8513554301528.jpg', '2020-09-21 13:41:30', 'kbb-bling-next-level-prod-by-hams-prood-music-2020-1-5f68ad8ab8f6b164589254.', 67, 103, '2020-09-21 13:41:30', NULL),
(514, 'Dakan', NULL, 'img-20201027-wa0000-5f98761731f7b576396380.jpg', '2020-10-27 19:33:43', 'aud-20201027-wa0001-5f987618bf986874920084.', 67, 167, '2020-10-27 19:33:44', NULL),
(516, 'Lika Man', NULL, 'img-20201226-wa0000-5fe7b54954234671737440.jpg', '2020-12-26 22:12:25', '6ixking-lika-man-5fe7b54954802597812008.mp3', 67, 167, '2020-12-26 22:12:25', NULL),
(517, 'Go', NULL, 'img-20210130-wa0026-601595fec62b8892049243.jpg', '2021-01-30 17:23:10', 'fc-francais-go-prod-by-yal-coss-mito-music-601595fecb479693695747.mp3', 67, 181, '2021-01-30 17:23:10', NULL),
(518, 'Karma', 'Djaguiss', '9a47aebe32b5b0c46f9a1e4da3d72b45-602700ef0728a685397106.PNG', '2021-02-12 22:27:58', 'minimo-ft-diaguiss-karmaa-602700f172c0f680804827.mp3', 67, 106, '2021-02-12 22:28:01', NULL),
(519, 'J\'adore', 'Pap Daddy', 'img-20210226-wa0002-603bbeeb7669f570665558.jpg', '2021-02-28 16:03:55', 'fc-francais-x-pap-daddy-j-adore-by-ibstar-603bbeeb76f6e042938309.mp3', 67, 181, '2021-02-28 16:03:55', NULL);

-- --------------------------------------------------------

--
-- Structure de la table `post_download`
--

CREATE TABLE `post_download` (
  `id` int(11) NOT NULL,
  `musique_id` int(11) DEFAULT NULL,
  `user_id` int(11) DEFAULT NULL
) ENGINE=InnoDB DEFAULT CHARSET=utf8mb4 COLLATE=utf8mb4_unicode_ci;

--
-- Déchargement des données de la table `post_download`
--

INSERT INTO `post_download` (`id`, `musique_id`, `user_id`) VALUES
(1, 481, NULL),
(2, 485, NULL),
(3, 485, NULL),
(4, 485, NULL),
(5, 485, NULL),
(6, 485, NULL),
(7, 470, NULL),
(8, 476, NULL),
(9, 477, NULL),
(10, 478, NULL),
(11, 479, NULL),
(12, 480, NULL),
(13, 457, NULL),
(14, 458, NULL),
(15, 459, NULL),
(16, 460, NULL),
(17, 461, NULL),
(18, 462, NULL),
(19, 463, NULL),
(20, 464, NULL),
(21, 487, NULL),
(22, 486, NULL),
(23, 485, NULL),
(24, 484, NULL),
(25, 483, NULL),
(26, 482, NULL),
(27, 481, NULL),
(28, 475, NULL),
(29, 474, NULL),
(30, 472, NULL),
(31, 471, NULL),
(32, 470, NULL),
(33, 469, NULL),
(34, 468, NULL),
(35, 467, NULL),
(36, 466, NULL),
(37, 465, NULL),
(38, 453, NULL),
(39, 480, NULL),
(40, 480, NULL),
(41, 479, NULL),
(42, 479, NULL),
(43, 477, NULL),
(44, 477, NULL),
(45, 459, NULL),
(46, 459, NULL),
(47, 485, NULL),
(48, 461, NULL),
(49, 461, NULL),
(50, 485, NULL),
(51, 485, NULL),
(52, 477, NULL),
(53, 477, NULL),
(54, 487, NULL),
(55, 487, NULL),
(56, 476, NULL),
(57, 476, NULL),
(58, 476, NULL),
(59, 476, NULL),
(60, 477, NULL),
(61, 477, NULL),
(62, 477, NULL),
(63, 460, 100),
(64, 457, NULL),
(65, 481, NULL),
(66, 481, NULL),
(67, 460, NULL),
(68, 476, NULL),
(69, 477, NULL),
(70, 477, NULL),
(71, 477, NULL),
(72, 477, NULL),
(73, 477, NULL),
(74, 476, NULL),
(75, 491, NULL),
(76, 492, NULL),
(77, 492, NULL),
(78, 482, NULL),
(79, 482, NULL),
(80, 482, NULL),
(81, 482, NULL),
(82, 482, NULL),
(83, 482, NULL),
(84, 482, NULL),
(85, 482, NULL),
(86, 482, NULL),
(87, 482, NULL),
(88, 486, NULL),
(89, 495, NULL),
(90, 491, NULL),
(91, 491, NULL),
(92, 486, NULL),
(93, 486, NULL),
(94, 486, NULL),
(95, 486, NULL),
(96, 458, NULL),
(97, 482, NULL),
(98, 482, NULL),
(99, 482, NULL),
(100, 482, NULL),
(101, 482, NULL),
(102, 491, NULL),
(103, 485, NULL),
(104, 482, NULL),
(105, 458, NULL),
(106, 458, NULL),
(107, 458, NULL),
(108, 474, NULL),
(109, 474, NULL),
(110, 474, NULL),
(111, 474, NULL),
(112, 474, NULL),
(113, 474, NULL),
(114, 475, NULL),
(115, 475, NULL),
(116, 475, NULL),
(117, 496, NULL),
(118, 496, NULL),
(119, 496, NULL),
(120, 496, NULL),
(121, 496, NULL),
(122, 496, NULL),
(123, 496, NULL),
(124, 496, NULL),
(125, 496, NULL),
(126, 496, NULL),
(127, 496, NULL),
(128, 496, NULL),
(129, 496, NULL),
(130, 496, NULL),
(131, 496, NULL),
(132, 496, NULL),
(133, 491, NULL),
(134, 496, NULL),
(135, 482, NULL),
(136, 496, NULL),
(137, 496, NULL),
(138, 487, NULL),
(139, 496, NULL),
(140, 496, NULL),
(141, 496, NULL),
(142, 496, NULL),
(143, 496, NULL),
(144, 496, NULL),
(145, 496, NULL),
(146, 496, NULL),
(147, 496, NULL),
(148, 460, NULL),
(149, 496, NULL),
(150, 496, NULL),
(151, 496, NULL),
(152, 496, NULL),
(153, 496, NULL),
(154, 496, NULL),
(155, 496, NULL),
(156, 496, NULL),
(157, 496, NULL),
(158, 457, NULL),
(159, 496, NULL),
(160, 496, NULL),
(161, 496, NULL),
(162, 488, NULL),
(163, 488, NULL),
(164, 488, NULL),
(165, 488, NULL),
(166, 496, NULL),
(167, 496, NULL),
(168, 496, NULL),
(169, 482, NULL),
(170, 496, NULL),
(171, 496, NULL),
(172, 496, NULL),
(173, 496, NULL),
(174, 496, NULL),
(175, 496, NULL),
(176, 496, NULL),
(177, 496, NULL),
(178, 496, NULL),
(179, 496, NULL),
(180, 496, NULL),
(181, 496, NULL),
(182, 496, NULL),
(183, 496, NULL),
(184, 496, 113),
(185, 496, NULL),
(186, 496, NULL),
(187, 494, NULL),
(188, 494, NULL),
(189, 494, NULL),
(190, 494, NULL),
(191, 490, NULL),
(192, 494, NULL),
(193, 494, NULL),
(194, 490, NULL),
(195, 482, NULL),
(196, 490, NULL),
(197, 496, NULL),
(198, 496, NULL),
(199, 496, NULL),
(200, 494, NULL),
(201, 494, NULL),
(202, 496, NULL),
(203, 496, NULL),
(204, 496, NULL),
(205, 496, NULL),
(206, 496, NULL),
(207, 496, NULL),
(208, 496, NULL),
(209, 496, NULL),
(210, 496, NULL),
(211, 496, NULL),
(212, 496, NULL),
(213, 496, NULL),
(214, 496, NULL),
(215, 496, NULL),
(216, 494, NULL),
(217, 490, NULL),
(218, 496, NULL),
(219, 494, 138),
(220, 494, NULL),
(221, 494, NULL),
(222, 490, NULL),
(223, 496, NULL),
(224, 488, NULL),
(225, 494, NULL),
(226, 496, NULL),
(227, 470, NULL),
(228, 497, NULL),
(229, 497, NULL),
(230, 492, NULL),
(231, 497, NULL),
(232, 497, NULL),
(233, 497, NULL),
(234, 497, NULL),
(235, 497, NULL),
(236, 497, NULL),
(237, 496, NULL),
(238, 496, NULL),
(239, 497, NULL),
(240, 496, NULL),
(241, 496, NULL),
(242, 496, NULL),
(243, 497, NULL),
(244, 496, NULL),
(245, 496, NULL),
(246, 496, NULL),
(247, 496, NULL),
(248, 497, NULL),
(249, 496, NULL),
(250, 497, NULL),
(251, 497, NULL),
(252, 497, NULL),
(253, 497, NULL),
(254, 497, NULL),
(255, 497, NULL),
(256, 497, NULL),
(257, 497, NULL),
(258, 497, NULL),
(259, 497, NULL),
(260, 497, NULL),
(261, 497, NULL),
(262, 497, NULL),
(263, 497, NULL),
(264, 497, NULL),
(265, 497, NULL),
(266, 495, NULL),
(267, 497, NULL),
(268, 497, NULL),
(269, 497, NULL),
(270, 497, NULL),
(271, 497, NULL),
(272, 497, NULL),
(273, 497, NULL),
(274, 497, NULL),
(275, 497, NULL),
(276, 497, NULL),
(277, 497, NULL),
(278, 497, NULL),
(279, 497, NULL),
(280, 497, NULL),
(281, 497, NULL),
(282, 497, NULL),
(283, 497, NULL),
(284, 497, NULL),
(285, 497, NULL),
(286, 497, NULL),
(287, 497, NULL),
(288, 497, NULL),
(289, 497, NULL),
(290, 497, NULL),
(291, 497, NULL),
(292, 497, NULL),
(293, 497, NULL),
(294, 497, NULL),
(295, 497, NULL),
(296, 460, NULL),
(297, 497, NULL),
(298, 497, NULL),
(299, 497, NULL),
(300, 496, NULL),
(301, 497, NULL),
(302, 497, NULL),
(303, 497, NULL),
(304, 497, NULL),
(305, 497, NULL),
(306, 497, NULL),
(307, 497, NULL),
(308, 497, NULL),
(309, 497, NULL),
(310, 497, NULL),
(311, 497, NULL),
(312, 497, NULL),
(313, 497, NULL),
(314, 497, NULL),
(315, 497, NULL),
(316, 497, 133),
(317, 497, NULL),
(318, 497, NULL),
(319, 497, NULL),
(320, 497, NULL),
(321, 497, NULL),
(322, 497, NULL),
(323, 476, NULL),
(324, 497, NULL),
(325, 497, NULL),
(326, 497, NULL),
(327, 497, NULL),
(328, 497, NULL),
(329, 497, NULL),
(330, 497, NULL),
(331, 497, NULL),
(332, 497, NULL),
(333, 474, NULL),
(334, 497, NULL),
(335, 497, NULL),
(336, 497, NULL),
(337, 497, NULL),
(338, 496, NULL),
(339, 496, NULL),
(340, 496, NULL),
(341, 496, NULL),
(342, 496, NULL),
(343, 496, NULL),
(344, 496, NULL),
(345, 496, NULL),
(346, 496, NULL),
(347, 497, NULL),
(348, 496, NULL),
(349, 497, NULL),
(350, 496, NULL),
(351, 497, NULL),
(352, 497, NULL),
(353, 496, NULL),
(354, 497, NULL),
(355, 497, NULL),
(356, 497, NULL),
(357, 497, NULL),
(358, 497, NULL),
(359, 497, NULL),
(360, 497, NULL),
(361, 497, NULL),
(362, 497, NULL),
(363, 497, NULL),
(364, 496, NULL),
(365, 497, NULL),
(366, 497, NULL),
(367, 496, NULL),
(368, 497, NULL),
(369, 497, NULL),
(370, 497, NULL),
(371, 497, NULL),
(372, 497, NULL),
(373, 492, NULL),
(374, 497, NULL),
(375, 497, NULL),
(376, 497, NULL),
(377, 496, NULL),
(378, 461, NULL),
(379, 497, NULL),
(380, 457, NULL),
(381, 497, NULL),
(382, 497, NULL),
(383, 497, NULL),
(384, 497, NULL),
(385, 497, NULL),
(386, 497, NULL),
(387, 497, NULL),
(388, 497, NULL),
(389, 497, NULL),
(390, 497, NULL),
(391, 497, NULL),
(392, 497, NULL),
(393, 476, NULL),
(394, 477, NULL),
(395, 462, NULL),
(396, 497, NULL),
(397, 497, NULL),
(398, 497, NULL),
(399, 497, NULL),
(400, 497, NULL),
(401, 497, NULL),
(402, 497, NULL),
(403, 497, NULL),
(404, 497, NULL),
(405, 497, NULL),
(406, 496, NULL),
(407, 497, NULL),
(408, 497, NULL),
(409, 497, NULL),
(410, 497, NULL),
(411, 497, NULL),
(412, 459, NULL),
(413, 497, NULL),
(414, 497, NULL),
(415, 497, NULL),
(416, 497, NULL),
(417, 488, NULL),
(418, 491, NULL),
(419, 491, NULL),
(420, 497, NULL),
(421, 480, 144),
(422, 478, 144),
(423, 497, NULL),
(424, 497, NULL),
(425, 497, NULL),
(426, 496, NULL),
(427, 496, NULL),
(428, 496, NULL),
(429, 494, NULL),
(430, 497, NULL),
(431, 497, NULL),
(432, 474, NULL),
(433, 496, NULL),
(434, 496, NULL),
(435, 497, NULL),
(436, 494, NULL),
(437, 494, NULL),
(438, 494, NULL),
(439, 496, NULL),
(440, 496, NULL),
(441, 496, NULL),
(442, 497, NULL),
(443, 497, NULL),
(444, 497, NULL),
(445, 497, NULL),
(446, 497, NULL),
(447, 497, NULL),
(448, 474, NULL),
(449, 474, NULL),
(450, 474, NULL),
(451, 497, NULL),
(452, 497, NULL),
(453, 497, NULL),
(454, 497, NULL),
(455, 474, NULL),
(456, 474, NULL),
(457, 474, NULL),
(458, 474, NULL),
(459, 487, NULL),
(460, 498, 146),
(461, 498, 146),
(462, 498, 146),
(463, 487, NULL),
(464, 487, NULL),
(465, 474, NULL),
(466, 482, NULL),
(467, 478, NULL),
(468, 478, NULL),
(469, 474, NULL),
(470, 474, NULL),
(471, 474, NULL),
(472, 475, NULL),
(473, 475, NULL),
(474, 474, NULL),
(475, 475, NULL),
(476, 475, NULL),
(477, 475, NULL),
(478, 475, NULL),
(479, 484, NULL),
(480, 474, NULL),
(481, 475, NULL),
(482, 477, NULL),
(483, 480, NULL),
(484, 476, NULL),
(485, 490, NULL),
(486, 487, NULL),
(487, 476, NULL),
(488, 476, NULL),
(489, 476, NULL),
(490, 476, NULL),
(491, 476, NULL),
(492, 476, NULL),
(493, 476, NULL),
(494, 480, NULL),
(495, 480, NULL),
(496, 480, NULL),
(497, 474, NULL),
(498, 497, NULL),
(499, 496, NULL),
(500, 476, NULL),
(501, 477, NULL),
(502, 478, NULL),
(503, 479, NULL),
(504, 480, NULL),
(505, 487, NULL),
(506, 498, NULL),
(507, 475, NULL),
(508, 475, NULL),
(509, 475, NULL),
(510, 475, NULL),
(511, 485, NULL),
(512, 485, NULL),
(513, 485, NULL),
(514, 485, NULL),
(515, 493, NULL),
(516, 494, NULL),
(517, 496, NULL),
(518, 495, NULL),
(519, 497, NULL),
(520, 480, NULL),
(521, 479, NULL),
(522, 478, NULL),
(523, 477, NULL),
(524, 476, NULL),
(525, 464, NULL),
(526, 492, NULL),
(527, 489, NULL),
(528, 491, NULL),
(529, 490, NULL),
(530, 475, NULL),
(531, 482, NULL),
(532, 465, NULL),
(533, 453, NULL),
(534, 487, NULL),
(535, 488, NULL),
(536, 481, NULL),
(537, 463, NULL),
(538, 484, NULL),
(539, 469, NULL),
(540, 466, NULL),
(541, 467, NULL),
(542, 485, NULL),
(543, 486, NULL),
(544, 483, NULL),
(545, 461, NULL),
(546, 460, NULL),
(547, 462, NULL),
(548, 459, NULL),
(549, 458, NULL),
(550, 457, NULL),
(551, 498, NULL),
(552, 469, NULL),
(553, 461, NULL),
(554, 459, NULL),
(555, 499, NULL),
(562, 502, 100),
(563, 497, NULL),
(564, 502, NULL),
(565, 502, NULL),
(566, 502, NULL),
(567, 474, NULL),
(568, 474, NULL),
(569, 475, NULL),
(570, 503, NULL),
(571, 503, NULL),
(572, 503, NULL),
(573, 503, NULL),
(574, 503, NULL),
(575, 503, NULL),
(576, 503, NULL),
(577, 503, NULL),
(578, 503, NULL),
(579, 503, NULL),
(580, 494, NULL),
(581, 494, NULL),
(582, 490, NULL),
(583, 474, NULL),
(584, 474, NULL),
(602, 474, 108),
(608, 505, NULL),
(609, 505, NULL),
(610, 505, NULL),
(611, 505, NULL),
(612, 505, NULL),
(613, 505, NULL),
(614, 505, NULL),
(615, 505, NULL),
(616, 505, NULL),
(617, 505, NULL),
(618, 505, NULL),
(619, 505, NULL),
(620, 505, NULL),
(621, 505, NULL),
(622, 505, NULL),
(623, 505, NULL),
(624, 505, NULL),
(625, 505, NULL),
(626, 505, NULL),
(627, 505, NULL),
(628, 505, NULL),
(629, 474, NULL),
(630, 505, NULL),
(631, 485, NULL),
(632, 506, NULL),
(633, 506, 167),
(634, 506, 167),
(635, 506, 167),
(636, 506, 167),
(637, 506, NULL),
(638, 508, NULL),
(639, 508, NULL),
(640, 508, NULL),
(641, 506, NULL),
(642, 506, NULL),
(643, 507, NULL),
(644, 506, NULL),
(645, 509, NULL),
(646, 507, NULL),
(647, 508, NULL),
(648, 509, NULL),
(649, 506, NULL),
(650, 506, NULL),
(651, 506, NULL),
(652, 507, NULL),
(653, 508, NULL),
(654, 509, NULL),
(655, 508, NULL),
(656, 509, NULL),
(657, 507, NULL),
(658, 509, NULL),
(659, 508, NULL),
(660, 508, NULL),
(661, 508, NULL),
(662, 508, NULL),
(663, 508, NULL),
(664, 508, NULL),
(665, 508, NULL),
(666, 510, 170),
(667, 510, NULL),
(668, 506, NULL),
(669, 487, NULL),
(670, 506, NULL),
(671, 507, NULL),
(672, 507, NULL),
(673, 507, NULL),
(674, 508, NULL),
(675, 509, NULL),
(676, 506, NULL),
(677, 510, NULL),
(678, 476, NULL),
(679, 476, NULL),
(680, 476, NULL),
(681, 476, NULL),
(682, 476, NULL),
(683, 476, NULL),
(684, 476, NULL),
(685, 476, NULL),
(686, 476, NULL),
(687, 476, NULL),
(688, 476, NULL),
(689, 476, NULL),
(690, 509, NULL),
(691, 509, NULL),
(692, 509, NULL),
(693, 509, NULL),
(694, 506, NULL),
(695, 509, NULL),
(696, 509, NULL),
(697, 507, NULL),
(698, 506, NULL),
(699, 485, NULL),
(700, 493, NULL),
(701, 506, NULL),
(702, 506, NULL),
(703, 506, NULL),
(704, 506, NULL),
(705, 506, NULL),
(706, 506, NULL),
(707, 506, NULL),
(708, 506, NULL),
(709, 507, NULL),
(710, 508, NULL),
(711, 507, NULL),
(712, 507, NULL),
(713, 506, NULL),
(714, 507, NULL),
(715, 506, NULL),
(716, 507, NULL),
(717, 506, NULL),
(718, 506, NULL),
(719, 507, NULL),
(720, 507, NULL),
(721, 507, NULL),
(722, 507, NULL),
(723, 507, NULL),
(724, 507, NULL),
(725, 507, NULL),
(726, 508, NULL),
(727, 509, NULL),
(728, 506, NULL),
(729, 506, NULL),
(730, 507, NULL),
(731, 508, NULL),
(732, 509, NULL),
(733, 506, NULL),
(734, 506, NULL),
(735, 506, NULL),
(736, 506, NULL),
(737, 507, NULL),
(738, 507, NULL),
(739, 507, NULL),
(740, 506, NULL),
(741, 506, NULL),
(742, 507, NULL),
(743, 509, NULL),
(744, 507, NULL),
(745, 507, NULL),
(746, 506, NULL),
(747, 507, NULL),
(748, 508, NULL),
(749, 509, NULL),
(750, 506, NULL),
(751, 506, NULL),
(752, 506, NULL),
(753, 506, NULL),
(754, 507, NULL),
(755, 509, NULL),
(756, 505, NULL),
(757, 505, NULL),
(758, 505, NULL),
(759, 505, NULL),
(760, 505, NULL),
(761, 505, NULL),
(762, 505, NULL),
(763, 505, NULL),
(764, 505, NULL),
(765, 505, NULL),
(766, 460, NULL),
(767, 508, NULL),
(768, 476, NULL),
(769, 477, NULL),
(770, 478, NULL),
(771, 479, NULL),
(772, 480, NULL),
(773, 460, NULL),
(774, 509, NULL),
(775, 507, NULL),
(776, 463, NULL),
(777, 476, NULL),
(778, 476, NULL),
(779, 476, NULL),
(780, 476, NULL),
(781, 476, NULL),
(782, 462, NULL),
(783, 506, NULL),
(784, 508, NULL),
(785, 506, NULL),
(786, 476, NULL),
(787, 476, NULL),
(788, 476, NULL),
(789, 508, NULL),
(790, 458, NULL),
(791, 477, NULL),
(792, 509, NULL),
(793, 479, NULL),
(794, 465, NULL),
(795, 461, NULL),
(796, 462, NULL),
(797, 480, NULL),
(798, 503, NULL),
(799, 509, NULL),
(800, 509, NULL),
(801, 506, NULL),
(802, 508, NULL),
(803, 508, NULL),
(804, 508, NULL),
(805, 477, NULL),
(806, 480, NULL),
(807, 476, NULL),
(808, 507, NULL),
(809, 459, NULL),
(810, 512, NULL),
(811, 512, NULL),
(812, 512, NULL),
(813, 512, NULL),
(814, 512, NULL),
(815, 512, NULL),
(816, 512, NULL),
(817, 512, NULL),
(818, 512, NULL),
(819, 512, NULL),
(820, 512, NULL),
(821, 509, NULL),
(822, 509, NULL),
(823, 509, NULL),
(824, 505, NULL),
(825, 505, NULL),
(826, 505, NULL),
(827, 512, NULL),
(828, 512, NULL),
(829, 512, NULL),
(830, 512, NULL),
(831, 512, NULL),
(832, 512, NULL),
(833, 512, NULL),
(834, 512, NULL),
(835, 512, NULL),
(836, 512, NULL),
(837, 512, NULL),
(838, 512, NULL),
(839, 512, NULL),
(840, 512, NULL),
(841, 512, NULL),
(842, 512, NULL),
(843, 512, NULL),
(844, 512, NULL),
(845, 512, NULL),
(846, 512, NULL),
(847, 512, NULL),
(848, 512, NULL),
(849, 512, NULL),
(850, 512, NULL),
(851, 512, NULL),
(852, 512, NULL),
(853, 512, NULL),
(854, 512, NULL),
(855, 512, NULL),
(856, 512, NULL),
(857, 512, NULL),
(858, 512, NULL),
(859, 512, NULL),
(860, 512, NULL),
(861, 512, NULL),
(862, 512, NULL),
(863, 512, NULL),
(864, 512, NULL),
(865, 512, NULL),
(866, 512, NULL),
(867, 512, NULL),
(868, 512, NULL),
(869, 512, NULL),
(870, 457, NULL),
(871, 458, NULL),
(872, 459, NULL),
(873, 459, NULL),
(874, 460, NULL),
(875, 461, NULL),
(876, 462, NULL),
(877, 462, NULL),
(878, 462, NULL),
(879, 462, NULL),
(880, 462, NULL),
(881, 462, NULL),
(882, 506, NULL),
(883, 507, NULL),
(884, 507, NULL),
(885, 509, NULL),
(886, 498, NULL),
(887, 512, NULL),
(888, 512, NULL),
(889, 512, NULL),
(890, 512, NULL),
(891, 512, NULL),
(892, 512, NULL),
(893, 512, NULL),
(894, 512, NULL),
(895, 512, NULL),
(896, 512, NULL),
(897, 512, NULL),
(898, 512, NULL),
(899, 512, NULL),
(900, 512, NULL),
(901, 512, NULL),
(902, 512, NULL),
(903, 512, NULL),
(904, 512, NULL),
(905, 512, NULL),
(906, 512, NULL),
(907, 512, NULL),
(908, 512, NULL),
(909, 512, NULL),
(910, 512, NULL),
(911, 512, NULL),
(912, 512, NULL),
(913, 512, NULL),
(914, 512, NULL),
(915, 512, NULL),
(916, 512, NULL),
(917, 512, NULL),
(918, 512, NULL),
(919, 512, NULL),
(920, 512, NULL),
(921, 512, NULL),
(922, 512, NULL),
(923, 512, NULL),
(924, 512, NULL),
(925, 512, NULL),
(926, 512, NULL),
(927, 512, NULL),
(928, 512, NULL),
(929, 512, NULL),
(930, 512, NULL),
(931, 512, NULL),
(932, 512, NULL),
(933, 512, NULL),
(934, 512, NULL),
(935, 512, NULL),
(936, 512, NULL),
(937, 512, NULL),
(938, 512, NULL),
(939, 512, NULL),
(940, 512, NULL),
(941, 512, NULL),
(942, 512, NULL),
(943, 512, NULL),
(944, 512, NULL),
(945, 512, NULL),
(946, 512, NULL),
(947, 512, NULL),
(948, 512, NULL),
(949, 512, NULL),
(950, 512, NULL),
(951, 512, NULL),
(952, 512, NULL),
(953, 512, NULL),
(954, 512, NULL),
(955, 512, NULL),
(956, 512, NULL),
(957, 512, NULL),
(958, 512, NULL),
(959, 512, NULL),
(960, 512, NULL),
(961, 512, NULL),
(962, 512, NULL),
(963, 512, NULL),
(964, 512, NULL),
(965, 512, NULL),
(966, 512, NULL),
(967, 512, NULL),
(968, 512, NULL),
(969, 512, NULL),
(970, 512, NULL),
(971, 512, NULL),
(972, 512, NULL),
(973, 512, NULL),
(974, 512, NULL),
(975, 512, NULL),
(976, 512, NULL),
(977, 512, NULL),
(978, 512, NULL),
(979, 512, NULL),
(980, 512, NULL),
(981, 512, NULL),
(982, 512, NULL),
(983, 512, NULL),
(984, 512, NULL),
(985, 512, NULL),
(986, 512, NULL),
(987, 512, NULL),
(988, 512, NULL),
(989, 512, NULL),
(990, 512, NULL),
(991, 512, NULL),
(992, 512, NULL),
(993, 512, NULL),
(994, 512, NULL),
(995, 512, NULL),
(996, 512, NULL),
(997, 512, NULL),
(998, 512, NULL),
(999, 512, NULL),
(1000, 512, NULL),
(1001, 512, NULL),
(1002, 512, NULL),
(1003, 512, NULL),
(1004, 512, NULL),
(1005, 512, NULL),
(1006, 512, NULL),
(1007, 512, NULL),
(1008, 512, NULL),
(1009, 512, NULL),
(1010, 512, NULL),
(1011, 512, NULL),
(1012, 512, NULL),
(1013, 512, NULL),
(1014, 512, NULL),
(1015, 512, NULL),
(1016, 512, NULL),
(1017, 512, NULL),
(1018, 512, NULL),
(1019, 512, NULL),
(1020, 512, NULL),
(1021, 512, NULL),
(1022, 512, NULL),
(1023, 512, NULL),
(1024, 512, NULL),
(1025, 512, NULL),
(1026, 512, NULL),
(1027, 512, NULL),
(1028, 512, NULL),
(1029, 512, NULL),
(1030, 512, NULL),
(1031, 512, NULL),
(1032, 512, NULL),
(1033, 512, NULL),
(1034, 512, NULL),
(1035, 512, NULL),
(1036, 512, NULL),
(1037, 512, NULL),
(1038, 512, NULL),
(1039, 512, NULL),
(1040, 512, NULL),
(1041, 512, NULL),
(1042, 512, NULL),
(1043, 512, NULL),
(1044, 512, NULL),
(1045, 512, NULL),
(1046, 512, NULL),
(1047, 512, NULL),
(1048, 512, NULL),
(1049, 512, NULL),
(1050, 512, NULL),
(1051, 512, NULL),
(1052, 512, NULL),
(1053, 512, NULL),
(1054, 512, NULL),
(1055, 507, NULL),
(1056, 507, NULL),
(1057, 507, NULL),
(1058, 507, NULL),
(1059, 512, NULL),
(1060, 512, NULL),
(1061, 512, NULL),
(1062, 512, NULL),
(1063, 512, NULL),
(1064, 512, NULL),
(1065, 512, NULL),
(1066, 512, NULL),
(1067, 512, NULL),
(1068, 512, NULL),
(1069, 512, NULL),
(1070, 512, NULL),
(1071, 512, NULL),
(1072, 512, NULL),
(1073, 496, NULL),
(1074, 496, NULL),
(1075, 496, NULL),
(1076, 496, NULL),
(1077, 512, NULL),
(1078, 512, NULL),
(1079, 512, NULL),
(1080, 512, NULL),
(1081, 512, NULL),
(1082, 512, NULL),
(1083, 512, NULL),
(1084, 512, NULL),
(1085, 512, NULL),
(1086, 512, NULL),
(1087, 512, NULL),
(1088, 512, NULL),
(1089, 512, NULL),
(1090, 512, NULL),
(1091, 512, NULL),
(1092, 512, NULL),
(1093, 512, NULL),
(1094, 487, NULL),
(1095, 487, NULL),
(1096, 487, NULL),
(1097, 512, NULL),
(1098, 512, NULL),
(1099, 512, NULL),
(1100, 506, NULL),
(1101, 506, NULL),
(1102, 506, NULL),
(1103, 512, NULL),
(1104, 512, NULL),
(1105, 512, NULL),
(1106, 513, NULL),
(1107, 513, NULL),
(1108, 513, NULL),
(1109, 513, NULL),
(1110, 488, NULL),
(1111, 508, NULL),
(1112, 509, NULL),
(1113, 512, NULL),
(1114, 510, NULL),
(1115, 511, NULL),
(1116, 513, NULL),
(1117, 506, NULL),
(1118, 507, NULL),
(1119, 476, NULL),
(1120, 477, NULL),
(1121, 478, NULL),
(1122, 479, NULL),
(1123, 480, NULL),
(1124, 457, NULL),
(1125, 458, NULL),
(1126, 459, NULL),
(1127, 460, NULL),
(1128, 461, NULL),
(1129, 462, NULL),
(1130, 463, NULL),
(1131, 464, NULL),
(1132, 488, NULL),
(1133, 488, NULL),
(1134, 478, NULL),
(1135, 503, NULL),
(1136, 506, NULL),
(1137, 496, NULL),
(1138, 499, NULL),
(1139, 497, NULL),
(1140, 513, NULL),
(1141, 514, NULL),
(1142, 512, NULL),
(1143, 514, NULL),
(1144, 514, NULL),
(1145, 514, NULL),
(1146, 514, NULL),
(1147, 514, NULL),
(1148, 507, NULL),
(1149, 480, NULL),
(1150, 514, NULL),
(1151, 506, NULL),
(1152, 480, NULL),
(1153, 502, NULL),
(1154, 514, NULL),
(1155, 488, NULL),
(1156, 488, NULL),
(1157, 488, NULL),
(1158, 479, NULL),
(1159, 507, NULL),
(1160, 512, NULL),
(1161, 512, NULL),
(1162, 487, NULL),
(1163, 498, NULL),
(1164, 465, NULL),
(1165, 508, NULL),
(1166, 509, NULL),
(1167, 510, NULL),
(1168, 512, NULL),
(1169, 513, NULL),
(1170, 506, NULL),
(1171, 507, NULL),
(1172, 511, NULL),
(1173, 476, NULL),
(1174, 477, NULL),
(1175, 478, NULL),
(1176, 479, NULL),
(1177, 480, NULL),
(1178, 512, NULL),
(1179, 512, NULL),
(1180, 460, NULL),
(1181, 457, NULL),
(1182, 458, NULL),
(1183, 459, NULL),
(1184, 461, NULL),
(1185, 462, NULL),
(1186, 463, NULL),
(1187, 464, NULL),
(1188, 508, NULL),
(1189, 476, NULL),
(1190, 476, NULL),
(1191, 476, NULL),
(1192, 476, NULL),
(1193, 477, NULL),
(1194, 480, NULL),
(1195, 480, NULL),
(1196, 511, NULL),
(1197, 496, NULL),
(1198, 499, NULL),
(1199, 477, NULL),
(1200, 476, NULL),
(1201, 507, NULL),
(1202, 464, NULL),
(1203, 459, NULL),
(1204, 514, NULL),
(1205, 506, NULL),
(1206, 487, NULL),
(1207, 498, NULL),
(1208, 465, NULL),
(1209, 509, NULL),
(1210, 508, NULL),
(1211, 478, NULL),
(1212, 512, NULL),
(1213, 510, NULL),
(1214, 511, NULL),
(1215, 502, NULL),
(1216, 502, NULL),
(1217, 502, NULL),
(1218, 513, NULL),
(1219, 497, NULL),
(1220, 507, NULL),
(1221, 506, NULL),
(1222, 476, NULL),
(1223, 477, NULL),
(1224, 478, NULL),
(1225, 479, NULL),
(1226, 457, NULL),
(1227, 460, NULL),
(1228, 461, NULL),
(1229, 458, NULL),
(1230, 459, NULL),
(1231, 464, NULL),
(1232, 462, NULL),
(1233, 488, NULL),
(1234, 488, NULL),
(1235, 488, NULL),
(1236, 488, NULL),
(1237, 488, NULL),
(1238, 488, NULL),
(1239, 488, NULL),
(1240, 463, NULL),
(1241, 476, NULL),
(1242, 476, NULL),
(1243, 476, NULL),
(1244, 476, NULL),
(1245, 496, NULL),
(1246, 499, NULL),
(1247, 514, NULL),
(1248, 516, NULL),
(1249, 516, NULL),
(1250, 516, NULL),
(1251, 516, NULL),
(1252, 516, NULL),
(1253, 516, NULL),
(1254, 487, NULL),
(1255, 498, NULL),
(1256, 465, NULL),
(1257, 509, NULL),
(1258, 508, NULL),
(1259, 512, NULL),
(1260, 510, NULL),
(1261, 507, NULL),
(1262, 514, NULL),
(1263, 514, NULL),
(1264, 516, NULL),
(1265, 511, NULL),
(1266, 506, NULL),
(1267, 476, NULL),
(1268, 513, NULL),
(1269, 477, NULL),
(1270, 479, NULL),
(1271, 478, NULL),
(1272, 460, NULL),
(1273, 457, NULL),
(1274, 461, NULL),
(1275, 458, NULL),
(1276, 459, NULL),
(1277, 464, NULL),
(1278, 462, NULL),
(1279, 463, NULL),
(1280, 480, NULL),
(1281, 476, NULL),
(1282, 476, NULL),
(1283, 477, NULL),
(1284, 496, NULL),
(1285, 496, NULL),
(1286, 499, NULL),
(1287, 514, NULL),
(1288, 509, NULL),
(1289, 478, NULL),
(1290, 512, NULL),
(1291, 479, NULL),
(1292, 480, NULL),
(1293, 506, NULL),
(1294, 499, NULL),
(1295, 507, NULL),
(1296, 517, NULL),
(1297, 517, NULL),
(1298, 517, NULL),
(1299, 517, NULL),
(1300, 517, NULL),
(1301, 517, NULL),
(1302, 517, NULL),
(1303, 517, NULL),
(1304, 517, NULL),
(1305, 517, NULL),
(1306, 517, NULL),
(1307, 507, NULL),
(1308, 487, NULL),
(1309, 477, NULL),
(1310, 476, NULL),
(1311, 513, NULL),
(1312, 465, NULL),
(1313, 479, NULL),
(1314, 498, NULL),
(1315, 510, NULL),
(1316, 511, NULL),
(1317, 506, NULL),
(1318, 512, NULL),
(1319, 516, NULL),
(1320, 460, NULL),
(1321, 457, NULL),
(1322, 508, NULL),
(1323, 509, NULL),
(1324, 478, NULL),
(1325, 461, NULL),
(1326, 459, NULL),
(1327, 518, NULL),
(1328, 518, NULL),
(1329, 518, NULL),
(1330, 518, NULL),
(1331, 518, NULL),
(1332, 518, NULL),
(1333, 518, NULL),
(1334, 518, NULL),
(1335, 518, NULL),
(1336, 518, NULL),
(1337, 518, NULL),
(1338, 518, NULL),
(1339, 480, NULL),
(1340, 477, NULL),
(1341, 476, NULL),
(1342, 464, NULL),
(1343, 458, NULL),
(1344, 480, NULL),
(1345, 462, NULL),
(1346, 463, NULL),
(1347, 476, NULL),
(1348, 476, NULL),
(1349, 476, NULL),
(1350, 476, NULL),
(1351, 476, NULL),
(1352, 476, NULL),
(1353, 518, NULL),
(1354, 518, NULL),
(1355, 518, NULL),
(1356, 518, NULL),
(1357, 518, NULL),
(1358, 518, NULL),
(1359, 518, NULL),
(1360, 514, NULL),
(1361, 518, NULL),
(1362, 518, NULL),
(1363, 518, NULL),
(1364, 518, NULL),
(1365, 518, NULL),
(1366, 518, NULL),
(1367, 518, NULL),
(1368, 518, NULL),
(1369, 518, NULL),
(1370, 518, NULL),
(1371, 518, NULL),
(1372, 518, NULL),
(1373, 518, NULL),
(1374, 518, NULL),
(1375, 518, NULL),
(1376, 518, NULL),
(1377, 518, NULL),
(1378, 518, NULL),
(1379, 518, NULL),
(1380, 518, NULL),
(1381, 496, NULL),
(1382, 499, NULL),
(1383, 518, NULL),
(1384, 517, NULL),
(1385, 519, NULL),
(1386, 518, NULL),
(1387, 519, NULL),
(1388, 519, NULL),
(1389, 519, NULL),
(1390, 517, NULL),
(1391, 517, NULL),
(1392, 517, NULL),
(1393, 517, NULL),
(1394, 517, NULL),
(1395, 519, NULL),
(1396, 517, NULL),
(1397, 519, NULL),
(1398, 518, NULL),
(1399, 518, NULL),
(1400, 518, NULL),
(1401, 518, NULL),
(1402, 518, NULL),
(1403, 518, NULL),
(1404, 518, NULL),
(1405, 518, NULL),
(1406, 518, NULL),
(1407, 518, NULL),
(1408, 518, NULL),
(1409, 518, NULL),
(1410, 519, NULL),
(1411, 517, NULL),
(1412, 519, NULL),
(1413, 519, NULL),
(1414, 519, NULL),
(1415, 519, NULL),
(1416, 518, NULL),
(1417, 461, NULL),
(1418, 518, NULL),
(1419, 518, NULL),
(1420, 518, NULL),
(1421, 478, NULL),
(1422, 465, NULL),
(1423, 510, NULL),
(1424, 513, NULL),
(1425, 476, NULL),
(1426, 509, NULL),
(1427, 506, NULL),
(1428, 477, NULL),
(1429, 459, NULL),
(1430, 512, NULL),
(1431, 457, NULL),
(1432, 479, NULL),
(1433, 460, NULL),
(1434, 496, NULL),
(1435, 488, NULL),
(1436, 488, NULL),
(1437, 488, NULL),
(1438, 488, NULL),
(1439, 488, NULL),
(1440, 464, NULL),
(1441, 458, NULL),
(1442, 462, NULL),
(1443, 480, NULL),
(1444, 463, NULL),
(1445, 519, NULL),
(1446, 519, NULL),
(1447, 518, NULL),
(1448, 518, NULL),
(1449, 518, NULL),
(1450, 514, NULL),
(1451, 496, NULL),
(1452, 499, NULL),
(1453, 517, NULL),
(1454, 518, NULL),
(1455, 477, NULL),
(1456, 476, NULL),
(1457, 461, NULL),
(1458, 476, NULL),
(1459, 509, NULL),
(1460, 506, NULL),
(1461, 459, NULL),
(1462, 457, NULL),
(1463, 460, NULL),
(1464, 478, NULL),
(1465, 477, NULL),
(1466, 463, NULL),
(1467, 479, NULL),
(1468, 510, NULL),
(1469, 513, NULL),
(1470, 465, NULL),
(1471, 517, NULL),
(1472, 464, NULL),
(1473, 509, NULL),
(1474, 464, NULL),
(1475, 458, NULL),
(1476, 462, NULL),
(1477, 463, NULL),
(1478, 480, NULL),
(1479, 510, NULL),
(1480, 519, NULL),
(1481, 457, NULL),
(1482, 461, NULL),
(1483, 477, NULL),
(1484, 480, NULL),
(1485, 476, NULL),
(1486, 460, NULL),
(1487, 457, NULL),
(1488, 479, NULL),
(1489, 476, NULL),
(1490, 476, NULL),
(1491, 476, NULL),
(1492, 465, NULL),
(1493, 458, NULL),
(1494, 461, NULL),
(1495, 498, NULL),
(1496, 466, NULL),
(1497, 514, NULL),
(1498, 460, NULL),
(1499, 496, NULL),
(1500, 466, NULL),
(1501, 499, NULL),
(1502, 517, NULL),
(1503, 466, NULL),
(1504, 518, NULL),
(1505, 466, NULL),
(1506, 466, NULL);

-- --------------------------------------------------------

--
-- Structure de la table `post_like`
--

CREATE TABLE `post_like` (
  `id` int(11) NOT NULL,
  `musique_id` int(11) DEFAULT NULL,
  `user_id` int(11) DEFAULT NULL
) ENGINE=InnoDB DEFAULT CHARSET=utf8mb4 COLLATE=utf8mb4_unicode_ci;

--
-- Déchargement des données de la table `post_like`
--

INSERT INTO `post_like` (`id`, `musique_id`, `user_id`) VALUES
(26, 453, 100),
(30, 460, 105),
(31, 460, 100),
(32, 470, 100),
(33, 487, 100),
(35, 477, 100),
(36, 478, 100),
(38, 480, 100),
(39, 463, 100),
(40, 465, 100),
(41, 457, 100),
(42, 485, 100),
(43, 464, 100),
(44, 487, 106),
(45, 476, 106),
(47, 476, 100),
(48, 479, 100),
(51, 480, 129),
(52, 487, 129),
(54, 485, 112),
(55, 496, 100),
(56, 494, 113),
(57, 490, 113),
(58, 497, 100),
(61, 495, 100),
(62, 493, 100),
(63, 492, 100),
(64, 491, 100),
(65, 490, 100),
(66, 489, 100),
(67, 488, 100),
(68, 486, 100),
(69, 498, 100),
(70, 498, 146),
(71, 487, 146),
(72, 497, 129),
(74, 462, 100),
(77, 499, 100),
(82, 502, 100),
(83, 499, 170),
(84, 510, 170),
(85, 511, 170),
(89, 516, 100),
(90, 517, 100),
(91, 518, 100),
(92, 519, 100);

-- --------------------------------------------------------

--
-- Structure de la table `subscription`
--

CREATE TABLE `subscription` (
  `id` int(11) NOT NULL,
  `title` varchar(255) COLLATE utf8mb4_unicode_ci NOT NULL,
  `price` int(11) NOT NULL,
  `has_music` int(11) NOT NULL,
  `has_video` int(11) NOT NULL,
  `has_cover` int(11) DEFAULT NULL
) ENGINE=InnoDB DEFAULT CHARSET=utf8mb4 COLLATE=utf8mb4_unicode_ci;

--
-- Déchargement des données de la table `subscription`
--

INSERT INTO `subscription` (`id`, `title`, `price`, `has_music`, `has_video`, `has_cover`) VALUES
(1, 'Amateur', 9500, 3, 0, 3),
(2, 'Golden', 27000, 7, 1, 7),
(3, 'Premium', 62000, 15, 3, 15);

-- --------------------------------------------------------

--
-- Structure de la table `user`
--

CREATE TABLE `user` (
  `id` int(11) NOT NULL,
  `email` varchar(255) COLLATE utf8mb4_unicode_ci NOT NULL,
  `username` varchar(255) COLLATE utf8mb4_unicode_ci NOT NULL,
  `password` varchar(255) COLLATE utf8mb4_unicode_ci NOT NULL,
  `created_at` datetime NOT NULL,
  `roles` longtext COLLATE utf8mb4_unicode_ci NOT NULL COMMENT '(DC2Type:array)',
  `is_active` tinyint(1) NOT NULL,
  `password_requested_at` datetime DEFAULT NULL,
  `token` varchar(255) COLLATE utf8mb4_unicode_ci DEFAULT NULL,
  `confirmation_token` varchar(255) COLLATE utf8mb4_unicode_ci DEFAULT NULL,
  `amateur_is_active` tinyint(1) DEFAULT NULL,
  `golden_is_active` tinyint(1) DEFAULT NULL,
  `premium_is_active` tinyint(1) DEFAULT NULL,
  `subscription_begin_at` datetime DEFAULT NULL,
  `subscription_end_at` datetime DEFAULT NULL
) ENGINE=InnoDB DEFAULT CHARSET=utf8mb4 COLLATE=utf8mb4_unicode_ci;

--
-- Déchargement des données de la table `user`
--

INSERT INTO `user` (`id`, `email`, `username`, `password`, `created_at`, `roles`, `is_active`, `password_requested_at`, `token`, `confirmation_token`, `amateur_is_active`, `golden_is_active`, `premium_is_active`, `subscription_begin_at`, `subscription_end_at`) VALUES
(100, 'brunodogbase@gmail.com', 'OBSCURY CEO', '$2y$13$w0DQo8oU/uzTQtfkVNbmUOizZaBgbrN9KP9rHcoP1VuOR0baTYmy.', '2019-12-05 00:37:00', 'a:2:{i:0;s:9:\"ROLE_USER\";i:1;s:16:\"ROLE_SUPER_ADMIN\";}', 1, '2020-06-06 22:49:31', 'VlWCOUMXmzY7k7vMbay8x0XDocRvDj47UlpfxEaQOHc', NULL, 0, 0, 1, '2021-03-26 23:48:23', '2021-05-10 23:48:23'),
(101, 'ibrahimmdoumbia@gmail.com', 'Ibrahim Doumbia', '$argon2i$v=19$m=65536,t=4,p=1$eFpHcUJpckpwdUlKSWw4aw$CBYe/mWFYKF4ZCMS0dIuX14Lmm/Wln3s5NNbJ84izCQ', '2020-03-09 17:56:00', 'a:1:{i:0;s:9:\"ROLE_USER\";}', 1, NULL, NULL, NULL, NULL, NULL, NULL, NULL, NULL),
(102, 'snopb123@gmail.com', 'Snop b', '$argon2i$v=19$m=65536,t=4,p=1$ZlNmWURpU3AwVUZ4eUoxUg$Ojf0I7dXBNbOg2iwRTBV/6LI4iynfXvzMCuKjkf07uA', '2020-03-21 15:39:00', 'a:1:{i:0;s:9:\"ROLE_USER\";}', 1, NULL, NULL, NULL, 0, 0, 0, NULL, NULL),
(103, '722oumarcoul@gmail.com', 'KBB Bling', '$2y$13$YBbPKtXVlKk00b5Gv5oQE.JCFObwD2X9lnovBrRGaBiN5LsBBxr4a', '2020-06-01 23:29:00', 'a:1:{i:0;s:9:\"ROLE_USER\";}', 1, NULL, NULL, NULL, 0, 0, 0, NULL, NULL),
(104, 'tidianediarra123@gmail.com', '8.6 GANG', '$2y$13$yisHGu0eMf0Xcu/J1zeakeeXFoZtHh.NNh24tptvMnAPLR0kuUcIC', '2020-06-01 23:33:00', 'a:1:{i:0;s:9:\"ROLE_USER\";}', 1, NULL, NULL, NULL, 0, 0, 0, '2020-06-02 16:38:00', '2020-06-17 16:38:00'),
(105, 'kshkhalifa@gmail.com', 'King Kesh Khalifa', '$2y$13$KR0MHBoWgYzrPmjrZDIaqOwFk4c0FX49MFTaOrDMVNx0okpY/qRsS', '2020-06-02 08:00:00', 'a:1:{i:0;s:9:\"ROLE_USER\";}', 1, NULL, NULL, NULL, 0, 0, 0, '2020-06-02 08:06:00', '2020-07-17 08:06:00'),
(106, 'mamadoukoita932@gmail.com', 'Innocent', '$2y$13$eG/pK22nBz86gSYahF61We6aHnAIZaxpPjx5eyoAUF0mNf6S73wAK', '2020-06-02 13:45:00', 'a:1:{i:0;s:9:\"ROLE_USER\";}', 1, NULL, NULL, NULL, 0, 0, 0, NULL, NULL),
(107, 'vgtanamon@gmail.com', 'VG Tanamon', '$2y$13$zPbfEWCCKd18Cgv4FyOsR.AiVqgG8YX3Q0Awpt7i2sclphHXQxCoq', '2020-06-02 15:50:00', 'a:1:{i:0;s:9:\"ROLE_USER\";}', 1, NULL, NULL, NULL, 0, 0, 0, '2020-06-02 15:59:00', '2020-07-02 15:59:00'),
(108, 'sc8572778@gmail.com', 'Coul By', '$argon2id$v=19$m=65536,t=4,p=1$L0RReUw3NjFFaXBYeXBVOQ$ScRmVDXzBZwEJ0u41CGRCIEl7kqqT89st50DWeAZxAc', '2020-06-03 01:24:00', 'a:1:{i:0;s:9:\"ROLE_USER\";}', 1, '2020-07-31 13:15:35', 'TlOWOhQPTqzuEpi_1q3eAQE4j6S3aJVgeZ748IcUG3c', '_Exb27JHAmhLPdVnQQwuelcZBccudHwfcT-eLMfQwuQ', 0, 0, 0, NULL, NULL),
(109, 'sow82030@gmail.com', 'Yaspi OG', '$2y$13$QM5QmbrMQ9RCW1WPFuCOUOZu0JKx4aG4hd6NxOXJdh93mVBazZ5vS', '2020-06-03 01:37:00', 'a:1:{i:0;s:9:\"ROLE_USER\";}', 1, NULL, NULL, 'tAhGeD_Nj52BGDkuxxhAfyneIamlStxZg0cOjPLv9UA', 0, 0, 0, NULL, NULL),
(110, 'peruzzi6941@gmail.com', 'Maken Zy', '$2y$13$s9O6zktGLg2r2a/.NfY8zuCVRviE08V1iQmJz2Ht3K7HzWVYCuZU6', '2020-06-03 18:40:00', 'a:1:{i:0;s:9:\"ROLE_USER\";}', 1, NULL, NULL, 'b7V5gys-NOALrSTMxA6ALt4g58KCN_U7y_yQg5jKHxQ', 0, 0, 0, NULL, NULL),
(111, 'fineflowofficiel@gmail.com', 'Fine Flow', '$2y$13$KshgrTLp5XGDaD9pjc88T.QNBSPTQtJjD3XueWclOw9ICJTFTqMA6', '2020-06-03 18:42:00', 'a:1:{i:0;s:9:\"ROLE_USER\";}', 1, NULL, NULL, 'qstkk_8q2GP68JDGX82wTiqdaXyxMjf7AB_vptuQieM', 0, 0, 0, NULL, NULL),
(112, 'molaregangcoulibal222@gmail.com', 'Free Boys', '$2y$13$50pjsbjf01WmiNJHa1qVGePrj0su4WBNyMbV3cmDWlHM49hRUbeTa', '2020-06-03 19:37:00', 'a:1:{i:0;s:9:\"ROLE_USER\";}', 1, NULL, NULL, 'uwP6CPodQgeYmJyiUPBsFmwhWHWpnMUABTBqTLqyIp0', 0, 0, 0, NULL, NULL),
(113, 'tbassala0@gmail.com', 'MG Familly', '$argon2id$v=19$m=65536,t=4,p=1$ekNsVGM1N3g0VW1RMHdOWg$yMjKvIh/x8OTVj11nwFS64ltAIhV5MrvB0o6o9sXsrs', '2020-06-05 07:48:00', 'a:1:{i:0;s:9:\"ROLE_USER\";}', 1, '2020-06-08 23:58:04', 'lCwlQpYKg_QBwo7lpmZ5Qg6Bfbl00962CatCwFd_34o', 'HuM8bfqeeAF24ngKTM5RV9aNfaAPohYQ2suIk4jDboc', 1, 0, 0, '2020-08-06 13:46:46', '2020-08-21 13:46:46'),
(114, 'starlilfof@gmail.com', 'Star Lil Fof', '$2y$13$ICJTUCzhPusAZFEeuUFGOOXFYlXw04z3vQiOZVjbtAF7rXAusAneO', '2020-06-05 07:51:00', 'a:1:{i:0;s:9:\"ROLE_USER\";}', 1, NULL, NULL, 'lYaZjR-enlpFoYnNvrN3PcplCo9TmbzztGKrWyOihYI', 0, 0, 0, NULL, NULL),
(115, 'bahd4273@gmail.com', 'King Snack Djo', '$2y$13$ykUvwhBVcymeaH6yY.JKv.qAkEG1e2wPDD82t3BkrYa3xM4EqsVla', '2020-06-05 07:53:00', 'a:1:{i:0;s:9:\"ROLE_USER\";}', 1, NULL, NULL, 'DhfzcAoJW57AaJDwdMuc7ZAKyVjgHm7kjyZ_x8COyZk', 0, 0, 0, NULL, NULL),
(116, 'oliviermatondo@gmail.com', 'Oli12', '$2y$13$iU11PWYjQShIcA0cYpcPjOi0bJ7ZYjHeJo6xM5T4zqhV0ogBq1SR.', '2020-06-05 20:03:00', 'a:1:{i:0;s:9:\"ROLE_USER\";}', 1, NULL, NULL, 'oXPL6oMgvY1X0J6clo-SrstaTZpVX1X-dIB1uLKM8DE', 0, 0, 0, NULL, NULL),
(118, 'sambaguinto9@gmail.com', 'Guinto', '$2y$13$g.ydRMYSrL6.THT1FqErRub0deUSmOm6xYhAG8EZyj0J7r8/np9dW', '2020-06-07 00:38:34', 'a:1:{i:0;s:9:\"ROLE_USER\";}', 1, NULL, NULL, 'CDZGviMkQ211YQuXGdsQrKZKU8NYCPcjvjJ_k-gp89g', 0, 0, 0, NULL, NULL),
(125, 'walykonte6@gmail.com', 'Walby', '$2y$13$FsRFSV/.DBzIu4yqwOyzCObzvB3oTE38qtZuEMu5TdUCuCqy8BfLq', '2020-06-07 09:22:46', 'a:1:{i:0;s:9:\"ROLE_USER\";}', 1, NULL, NULL, 'MJ96DMB7-sQ4jKtZ7_0iv4dKWabY-k_Yv3OelU6MkvQ', 0, 0, 0, NULL, NULL),
(126, 'id491112@gmail.com', 'Minato', '$2y$13$ojTND0DKQylePr2KfM7tQ.75xFewYHBtePrMrX98xftPzDrW9IhPK', '2020-06-07 12:46:21', 'a:1:{i:0;s:9:\"ROLE_USER\";}', 1, NULL, NULL, NULL, 0, 0, 0, NULL, NULL),
(127, 'mamadoic1999@gmail.com', 'Mamadou', '$2y$13$OAVob2v89zJr8IFOdDf59utcSWkQ6F5NUxwT.HFHXzhLewkd7jP5W', '2020-06-07 13:02:51', 'a:1:{i:0;s:9:\"ROLE_USER\";}', 1, NULL, NULL, 'zQeG1-M4c2cOlixqC4HN8vQ3_5P92SXsn5apH91EtN4', 0, 0, 0, NULL, NULL),
(128, 'okoouaman@gmail.com', 'Ousman OKO', '$2y$13$sxMbqTKTo1Cw2FolBCJNMORRgo6eISKs4C2eoQ55P2AGNsiH4/Egq', '2020-06-07 15:08:51', 'a:1:{i:0;s:9:\"ROLE_USER\";}', 1, NULL, NULL, 'YhQbeqIzt2V2Rv64iSOE2eamCd4Y7z4DKadJtZCtwQc', 0, 0, 0, NULL, NULL),
(129, 'mamadouc1999@gmail.com', 'Mohamed', '$2y$13$GrPV32Z8QJH6rZZxA6JwOe7O9C6VqBX9l5tQ3.TCg8DopTnQRCMZ6', '2020-06-07 18:53:21', 'a:1:{i:0;s:9:\"ROLE_USER\";}', 1, '2021-03-27 18:16:42', 'OdszEbM6ZEeRmSz6lC1fIf-X7vvEa8OMLmNzorWwLVQ', NULL, 0, 0, 0, NULL, NULL),
(130, 'abdoulkarimc768@gmail.com', 'Alpeco', '$2y$13$XXFza/z7f0ASBAJcbmyxKuh7ec8V4FXDNlSiMgK.bJarUkqk4zDMq', '2020-06-07 19:56:46', 'a:1:{i:0;s:9:\"ROLE_USER\";}', 1, NULL, NULL, 'zMlXknnWcc4jdOCVttZ1drDN9xTVQUukJ3l2enzMmMk', 0, 0, 0, NULL, NULL),
(131, 'samouraeli89@gmail.com', 'Eli One', '$2y$13$QmR5uOQBiVzgPP0bgGgnjONQAV5fcYqJ33Txcegq8GDykYp1mdNd.', '2020-06-07 20:06:06', 'a:1:{i:0;s:9:\"ROLE_USER\";}', 1, NULL, NULL, 'NSPLJpPVxUZihjsPv6L_p1n4LvJpkyXeFAopxZR7D7s', 0, 0, 0, NULL, NULL),
(132, 'sissmak9@gmail.com', 'Mak-Siss', '$2y$13$Vee3zDavHU0CrsqEkenTa.0ye7gx68dqqRw8JMQm/NJ5pV/h0uu/i', '2020-06-07 22:36:53', 'a:1:{i:0;s:9:\"ROLE_USER\";}', 1, NULL, NULL, 'IdKLoNqdaerISVH1ZMPsw04KkNXViIKbrkTHKHrNPTc', 0, 0, 0, NULL, NULL),
(133, 'bagayokoabdoulaziz82@gmail.com', 'PKG Az Boy Officiel', '$2y$13$pbhz1bkjha0sMGnNgLGt9uJCaLn37dt7qBCqHPzJD3MovQ25SzLIS', '2020-06-08 14:33:06', 'a:1:{i:0;s:9:\"ROLE_USER\";}', 1, NULL, NULL, 'cApdTURhEUfYjidnkegNyM6SYYsA3NBsHg-G9bqna9w', 0, 0, 0, NULL, NULL),
(134, 'gatasy20@gmail.com', 'Gata loup', '$2y$13$8LgTuBGEWWXQ345NC8hU3uB38B1bS1hIsuEMqf2motbXBEHEt7MrC', '2020-06-08 17:54:17', 'a:1:{i:0;s:9:\"ROLE_USER\";}', 1, NULL, NULL, 'OeKvsNmhwP__JfySa04YIotsvXBgZfhzleU6DEARuuo', 0, 0, 0, NULL, NULL),
(138, 'togorakarakoss@gmail.com', 'Karamen', '$2y$13$HdLBOxg7543O46BnjFbbD.Qh9l4As6o3O0hJyABSYAOtu1LRrBjcq', '2020-06-09 09:14:06', 'a:1:{i:0;s:9:\"ROLE_USER\";}', 1, NULL, NULL, '1UCx8OjqRsSwAaP748EtRbjPUwBqZmSoI0gDCQoiXmE', 0, 0, 0, NULL, NULL),
(140, 'mdjire41@gmail.com', 'Moussa Djiré', '$2y$13$tvl//U9gIHeY9jQbUp1bYuN0D4nHLynL3/oihN9thvjYMdfq9v54e', '2020-06-09 09:45:43', 'a:1:{i:0;s:9:\"ROLE_USER\";}', 1, NULL, NULL, 'epOFDF-S35qx7bV1k1-xjvQVBhwzwMm-GVLz_ZPKkh4', 0, 0, 0, NULL, NULL),
(141, 'dialloguela20@gmail.com', 'Dgueladiod', '$2y$13$TnrZxFEdCxHXD0q//dymBufhwr20wRRu7BTvlFCEY4MyL1rfCmQ8O', '2020-06-09 19:26:41', 'a:1:{i:0;s:9:\"ROLE_USER\";}', 1, NULL, NULL, 'h-l9m89g2W77Z_DtXIZQnD2_b5qddWX5Wg7PKriTPDA', 0, 0, 0, NULL, NULL),
(142, 'Konateoumar@yahoo.com', 'Oumar konate', '$2y$13$TeFU5Kc15NfE27a.idmWWuY/y.YA6C1Xb.H9/OW92ElWL4yCSKDVC', '2020-06-10 16:11:29', 'a:1:{i:0;s:9:\"ROLE_USER\";}', 1, NULL, NULL, 'RWPGBXt0XRE3DsytLXNbLSWCNdWo3nsIq-sXuY9Kl3I', 0, 0, 0, NULL, NULL),
(144, 'koitamoussa537@gmail.com', 'Moussa', '$argon2id$v=19$m=65536,t=4,p=1$NEhxdE42dzJSWHhoUXBtRQ$XTsK/P7FdDB2C+wgbVD0fxRy6+iqXcu9c3JBD62HKJQ', '2020-06-13 23:39:16', 'a:1:{i:0;s:9:\"ROLE_USER\";}', 1, NULL, NULL, NULL, 0, 0, 0, NULL, NULL),
(146, 'sandraandreea97@yahoo.com', 'Sandra', '$argon2id$v=19$m=65536,t=4,p=1$ZVFjSmdzc0RYRGl0VjYuZA$SfSlEQpzQ7oUXhmDLVTR34S1/2Jf7oVurmlMi3cLXNI', '2020-06-20 12:11:57', 'a:1:{i:0;s:9:\"ROLE_USER\";}', 1, NULL, NULL, NULL, 0, 0, 0, NULL, NULL),
(147, 'souleymanenavon72@gmail.com', 'Souleymane', '$argon2id$v=19$m=65536,t=4,p=1$L0F6S3puWTguRzhJUU14Sw$O6X1ftOHnoufK4o8/1dCfuqTQmdKJY8Ww915Jru1fro', '2020-06-27 21:17:38', 'a:1:{i:0;s:9:\"ROLE_USER\";}', 1, NULL, NULL, '1cqLUKA8zqeyc72cllZYQdi_Rx2i9hS0whl9wt9WxOk', 0, 0, 0, NULL, NULL),
(148, 'wiyiwot708@rbiwc.com', 'Wiyiwot', '$argon2id$v=19$m=65536,t=4,p=1$V0JkNHd5dEVLaENBc1EzSA$GWszoifHmqnW0isA0dI3s6HYcYdhk5CSbwyx+MKMXlU', '2020-06-29 14:13:33', 'a:1:{i:0;s:9:\"ROLE_USER\";}', 1, NULL, NULL, NULL, 0, 0, 0, NULL, NULL),
(152, 'cbooba090@gmail.com', 'BDZØ BØØBA', '$argon2id$v=19$m=65536,t=4,p=1$WkNPZFZ3TEFhbmFGSlkySQ$fW6EP9xFHCzHG1cgpCFNNfTReB9bd+RyClPjJugy1Cc', '2020-07-02 22:06:49', 'a:1:{i:0;s:9:\"ROLE_USER\";}', 1, NULL, NULL, NULL, 0, 0, 0, NULL, NULL),
(155, 'cheicksy416@gmail.com', 'Marlboro gang', '$argon2id$v=19$m=65536,t=4,p=1$YjZvbGIxVmpTc2wvY3VMQw$0JDjDtAV8JNvydw4DFbHR1+PdiDTCPOFV+Sf1Vxlubs', '2020-07-05 20:32:00', 'a:1:{i:0;s:9:\"ROLE_USER\";}', 1, NULL, NULL, '6xYotkwDs_RCZ1CnQGYbVSaSytZa4Oe_JOooxa4Kp8g', 0, 0, 0, NULL, NULL),
(156, 'abdoulayesangare329@gmail.com', '2.0 Gang', '$argon2id$v=19$m=65536,t=4,p=1$Q0k1VEExOUs4bERTY041dQ$JzAzmjR6dtqN3voWQ53bbtzPuueK6AlQoQVva3w1uPw', '2020-07-06 22:33:14', 'a:1:{i:0;s:9:\"ROLE_USER\";}', 1, NULL, NULL, NULL, 0, 0, 0, NULL, NULL),
(161, 'jack78@gmail.com', 'Jack', '$argon2id$v=19$m=65536,t=4,p=1$UjZqdHlFMG0vemJjdzBXbQ$pwK6iq3EXWxuyCE4bbtKrNrwg4dZ3xTjs35Rn/w/1vM', '2020-07-10 22:53:00', 'a:1:{i:0;s:9:\"ROLE_USER\";}', 0, NULL, NULL, '1aUVWtoqzGj6tG178QWmhTMsfOlHnRGQhSerVGQhSrw', 0, 0, 0, NULL, NULL),
(164, 'koitabouba993@gmail.com', 'Bouba koita', '$argon2id$v=19$m=65536,t=4,p=1$WjNmVFA4QlZUaDdjVTJsYg$IHpUKvbBzIYhLGIpje0EwEnbjcdji9ihDKokpn4bAAQ', '2020-08-07 19:13:40', 'a:1:{i:0;s:9:\"ROLE_USER\";}', 0, NULL, NULL, 'ZDF9OjXBBvMk23zp3unFbIqjKQbdpnkOuXC3N39MdI8', 0, 0, 0, NULL, NULL),
(165, 'boubakoita43@gmail.com', 'Koitabouba', '$argon2id$v=19$m=65536,t=4,p=1$ZG90ZzRvQUdaM1I2VWF1WA$W7yjrhDxz8v+W1AziYpu8uOeXlEbf4JzO1dbdOCOTW4', '2020-08-07 19:27:49', 'a:1:{i:0;s:9:\"ROLE_USER\";}', 0, NULL, NULL, 'egy6e-GZv-Ta4K02ufOfbwVjd3uN4viC-uECrsQGoKE', 0, 0, 0, NULL, NULL),
(166, 'koitabouba642@gmail.com', 'Koïta bouba', '$argon2id$v=19$m=65536,t=4,p=1$cEViYTB1SFFDQ0phN0pxSA$Oo32p6Xu3sNjeyFOKSK8SWmOFkvyU3Sei3J2dQi/JW0', '2020-08-07 20:00:31', 'a:1:{i:0;s:9:\"ROLE_USER\";}', 0, NULL, NULL, 'GQ_LA6q-SNH6n6j4Zpys67qqPMekS0gbHYHmpMGo5do', 0, 0, 0, NULL, NULL),
(167, 'ixkingofficiel@gmail.com', '6ixking', '$argon2id$v=19$m=65536,t=4,p=1$NDFscTdYVkYzaHEwdE53UA$ia1E/3bIsGOHRw4hUgm/JwTyaHRKbFcrjKhnU8haC04', '2020-08-08 16:24:48', 'a:1:{i:0;s:9:\"ROLE_USER\";}', 1, NULL, NULL, NULL, 0, 0, 0, NULL, NULL),
(170, 'boubat665@gmail.com', 'WARA LIPA', '$argon2id$v=19$m=65536,t=4,p=1$czFSaG5zMUdiV0xOcjlsLg$PagN9F9tFcnXYJVlTBa9TRT+D0illgo8n7Twxct2JU0', '2020-08-09 16:25:00', 'a:1:{i:0;s:9:\"ROLE_USER\";}', 1, NULL, NULL, NULL, 0, 0, 0, NULL, NULL),
(172, 'bouramad@gmail.com', 'Bfg Bolonkono', '$argon2id$v=19$m=65536,t=4,p=1$Nm1DZ1dJdmVDV05xbHBKaw$yJivi5XvcFnLlaYdyWySGwM/MM0ZXrtDmlftamGhQfM', '2020-09-08 09:22:45', 'a:1:{i:0;s:9:\"ROLE_USER\";}', 1, NULL, NULL, '9tenMeWBkqahGoJb2GCLYvJjbDh_5GcK1rCMIWTbO60', 0, 0, 0, '2020-09-08 17:13:20', '2020-09-23 17:13:20'),
(177, 'bfgBolonkono@gmail.com', 'Bfg Greppe', '$argon2id$v=19$m=65536,t=4,p=1$M00veHZMQW1JYnouSnFnYQ$Kv+zoNd6r5y8xBJLL7pmCzLVDFN9nL7HdtgUX8uxVP4', '2020-09-08 19:49:55', 'a:1:{i:0;s:9:\"ROLE_USER\";}', 0, NULL, NULL, 'c4q2_mrV68IbXdn3f4VvvwMr1k0nh4125DMrkzhNQE0', 0, 0, 0, NULL, NULL),
(178, 'tangaraladji34@email.com', 'FIESTA GANG', '$argon2id$v=19$m=65536,t=4,p=1$Zm1CSWMxNlpIQ3JNYlIudQ$OkniTSi8I2Euqmx+th6kyeI/2yuj1Bp5Dyag4VAfo5w', '2020-11-19 13:53:56', 'a:1:{i:0;s:9:\"ROLE_USER\";}', 0, NULL, NULL, '5amfMEN2r7dvStijoZkfsNWFcHhLM7dYKwIKMzbRBbY', 0, 0, 0, NULL, NULL),
(179, 'Tangaraofficiel7426@gmail.com', 'FIESTA GANG', '$argon2id$v=19$m=65536,t=4,p=1$VzZOdGJtcmovejFka28yOA$Xxxeb1y+NsRusFIBaMRAjNqC/K21Dgyyc1/4gpj72t4', '2020-11-21 00:12:04', 'a:1:{i:0;s:9:\"ROLE_USER\";}', 1, NULL, NULL, NULL, 0, 0, 0, NULL, NULL),
(180, 'idicko321@gmail.com', 'dickson', '$argon2id$v=19$m=65536,t=4,p=1$SWdVOTIuTUZlTjRmZURqNA$ewakQY2ySbzcYHbL3NXiZRrfTXr/CwwjEJ2Y/YsumXI', '2020-12-10 20:10:31', 'a:1:{i:0;s:9:\"ROLE_USER\";}', 1, NULL, NULL, 'vAVOtnh8LRZsQbOyB2l3ZLMp2TBcxcnZK-fYvp6UWKY', 0, 0, 0, NULL, NULL),
(181, 'fcfrancais@gmail.com', 'Fc Français', '$argon2id$v=19$m=65536,t=4,p=1$MnJNTC9admgyZ0NUSFpFaw$s9RaRMA3jsmvRSr9yuXtCe/z/4PIYA3U5F0GP/qPRoU', '2021-01-29 23:12:04', 'a:1:{i:0;s:9:\"ROLE_USER\";}', 1, NULL, NULL, 'FcgTXI5VaVa6gzdETITd2dOSS5dnr2u4kbS2UxkXxHE', 0, 0, 0, NULL, NULL),
(182, 'amadouguinto@gmail.com', 'Forty', '$argon2id$v=19$m=65536,t=4,p=1$RUxoTmtHZDlzb0xoQXBWSQ$WltRaypvWGRdXLCc6QoqaMowAXw/x30GPHJOA4SN8ug', '2021-03-19 15:10:30', 'a:1:{i:0;s:9:\"ROLE_USER\";}', 1, NULL, NULL, NULL, 0, 0, 0, NULL, NULL);

-- --------------------------------------------------------

--
-- Structure de la table `video`
--

CREATE TABLE `video` (
  `id` int(11) NOT NULL,
  `user_id` int(11) DEFAULT NULL,
  `title` varchar(255) COLLATE utf8mb4_unicode_ci NOT NULL,
  `url` varchar(255) COLLATE utf8mb4_unicode_ci NOT NULL,
  `featuring` varchar(255) COLLATE utf8mb4_unicode_ci DEFAULT NULL,
  `updated_at` datetime DEFAULT NULL
) ENGINE=InnoDB DEFAULT CHARSET=utf8mb4 COLLATE=utf8mb4_unicode_ci;

--
-- Déchargement des données de la table `video`
--

INSERT INTO `video` (`id`, `user_id`, `title`, `url`, `featuring`, `updated_at`) VALUES
(3, 109, 'FATOKÊ', 'https://www.youtube.com/embed/ZlhaWGKFL1E', NULL, '2020-06-05 21:37:00'),
(4, 107, 'TWENTY TWENTY', 'https://www.youtube.com/embed/5eSnv_1Hq3g', NULL, '2020-06-05 21:35:00'),
(5, 116, 'Ambitieux', 'https://www.youtube.com/embed/aBhx6WMi-5Q', 'LMG', NULL);

--
-- Index pour les tables déchargées
--

--
-- Index pour la table `account`
--
ALTER TABLE `account`
  ADD PRIMARY KEY (`id`),
  ADD UNIQUE KEY `UNIQ_7D3656A4A76ED395` (`user_id`);

--
-- Index pour la table `album`
--
ALTER TABLE `album`
  ADD PRIMARY KEY (`id`),
  ADD KEY `IDX_39986E43A76ED395` (`user_id`);

--
-- Index pour la table `category`
--
ALTER TABLE `category`
  ADD PRIMARY KEY (`id`);

--
-- Index pour la table `comment`
--
ALTER TABLE `comment`
  ADD PRIMARY KEY (`id`),
  ADD KEY `IDX_9474526C25E254A1` (`musique_id`),
  ADD KEY `IDX_9474526CA76ED395` (`user_id`);

--
-- Index pour la table `migration_versions`
--
ALTER TABLE `migration_versions`
  ADD PRIMARY KEY (`version`);

--
-- Index pour la table `musique`
--
ALTER TABLE `musique`
  ADD PRIMARY KEY (`id`),
  ADD KEY `IDX_EE1D56BC12469DE2` (`category_id`),
  ADD KEY `IDX_EE1D56BCA76ED395` (`user_id`),
  ADD KEY `IDX_EE1D56BC1137ABCF` (`album_id`);

--
-- Index pour la table `post_download`
--
ALTER TABLE `post_download`
  ADD PRIMARY KEY (`id`),
  ADD KEY `IDX_C7F70BD125E254A1` (`musique_id`),
  ADD KEY `IDX_C7F70BD1A76ED395` (`user_id`);

--
-- Index pour la table `post_like`
--
ALTER TABLE `post_like`
  ADD PRIMARY KEY (`id`),
  ADD KEY `IDX_653627B825E254A1` (`musique_id`),
  ADD KEY `IDX_653627B8A76ED395` (`user_id`);

--
-- Index pour la table `subscription`
--
ALTER TABLE `subscription`
  ADD PRIMARY KEY (`id`);

--
-- Index pour la table `user`
--
ALTER TABLE `user`
  ADD PRIMARY KEY (`id`);

--
-- Index pour la table `video`
--
ALTER TABLE `video`
  ADD PRIMARY KEY (`id`),
  ADD KEY `IDX_7CC7DA2CA76ED395` (`user_id`);

--
-- AUTO_INCREMENT pour les tables déchargées
--

--
-- AUTO_INCREMENT pour la table `account`
--
ALTER TABLE `account`
  MODIFY `id` int(11) NOT NULL AUTO_INCREMENT, AUTO_INCREMENT=109;

--
-- AUTO_INCREMENT pour la table `album`
--
ALTER TABLE `album`
  MODIFY `id` int(11) NOT NULL AUTO_INCREMENT, AUTO_INCREMENT=12;

--
-- AUTO_INCREMENT pour la table `category`
--
ALTER TABLE `category`
  MODIFY `id` int(11) NOT NULL AUTO_INCREMENT, AUTO_INCREMENT=73;

--
-- AUTO_INCREMENT pour la table `comment`
--
ALTER TABLE `comment`
  MODIFY `id` int(11) NOT NULL AUTO_INCREMENT;

--
-- AUTO_INCREMENT pour la table `musique`
--
ALTER TABLE `musique`
  MODIFY `id` int(11) NOT NULL AUTO_INCREMENT, AUTO_INCREMENT=520;

--
-- AUTO_INCREMENT pour la table `post_download`
--
ALTER TABLE `post_download`
  MODIFY `id` int(11) NOT NULL AUTO_INCREMENT, AUTO_INCREMENT=1507;

--
-- AUTO_INCREMENT pour la table `post_like`
--
ALTER TABLE `post_like`
  MODIFY `id` int(11) NOT NULL AUTO_INCREMENT, AUTO_INCREMENT=93;

--
-- AUTO_INCREMENT pour la table `subscription`
--
ALTER TABLE `subscription`
  MODIFY `id` int(11) NOT NULL AUTO_INCREMENT, AUTO_INCREMENT=4;

--
-- AUTO_INCREMENT pour la table `user`
--
ALTER TABLE `user`
  MODIFY `id` int(11) NOT NULL AUTO_INCREMENT, AUTO_INCREMENT=183;

--
-- AUTO_INCREMENT pour la table `video`
--
ALTER TABLE `video`
  MODIFY `id` int(11) NOT NULL AUTO_INCREMENT, AUTO_INCREMENT=6;

--
-- Contraintes pour les tables déchargées
--

--
-- Contraintes pour la table `account`
--
ALTER TABLE `account`
  ADD CONSTRAINT `FK_7D3656A4A76ED395` FOREIGN KEY (`user_id`) REFERENCES `user` (`id`);

--
-- Contraintes pour la table `album`
--
ALTER TABLE `album`
  ADD CONSTRAINT `FK_39986E43A76ED395` FOREIGN KEY (`user_id`) REFERENCES `user` (`id`);

--
-- Contraintes pour la table `comment`
--
ALTER TABLE `comment`
  ADD CONSTRAINT `FK_9474526C25E254A1` FOREIGN KEY (`musique_id`) REFERENCES `musique` (`id`),
  ADD CONSTRAINT `FK_9474526CA76ED395` FOREIGN KEY (`user_id`) REFERENCES `user` (`id`);

--
-- Contraintes pour la table `musique`
--
ALTER TABLE `musique`
  ADD CONSTRAINT `FK_EE1D56BC1137ABCF` FOREIGN KEY (`album_id`) REFERENCES `album` (`id`),
  ADD CONSTRAINT `FK_EE1D56BC12469DE2` FOREIGN KEY (`category_id`) REFERENCES `category` (`id`),
  ADD CONSTRAINT `FK_EE1D56BCA76ED395` FOREIGN KEY (`user_id`) REFERENCES `user` (`id`);

--
-- Contraintes pour la table `post_download`
--
ALTER TABLE `post_download`
  ADD CONSTRAINT `FK_C7F70BD125E254A1` FOREIGN KEY (`musique_id`) REFERENCES `musique` (`id`),
  ADD CONSTRAINT `FK_C7F70BD1A76ED395` FOREIGN KEY (`user_id`) REFERENCES `user` (`id`);

--
-- Contraintes pour la table `post_like`
--
ALTER TABLE `post_like`
  ADD CONSTRAINT `FK_653627B825E254A1` FOREIGN KEY (`musique_id`) REFERENCES `musique` (`id`),
  ADD CONSTRAINT `FK_653627B8A76ED395` FOREIGN KEY (`user_id`) REFERENCES `user` (`id`);

--
-- Contraintes pour la table `video`
--
ALTER TABLE `video`
  ADD CONSTRAINT `FK_7CC7DA2CA76ED395` FOREIGN KEY (`user_id`) REFERENCES `user` (`id`);
COMMIT;

/*!40101 SET CHARACTER_SET_CLIENT=@OLD_CHARACTER_SET_CLIENT */;
/*!40101 SET CHARACTER_SET_RESULTS=@OLD_CHARACTER_SET_RESULTS */;
/*!40101 SET COLLATION_CONNECTION=@OLD_COLLATION_CONNECTION */;
